text,label,lang
last dirty tank tap area wter morning drain afected action water supply,water,local
mter drain old ilegal month many authority unsafe,tenure,local
our illegal help title tank needed plot power delayed water unsafe,tenure,local
dirty dirty ligt wste children powr still,sanitation,local
drin since action area unsafe unsafe path flood waste lght still sill,sanitation,local
supply action many suppy cut lght action since supply water cut cut metr ofice,water,local
dirty area please supply affected meter request meter,power,local
title dain delayed again came light affeced food,sanitation,local
authorty cut again metr smell community came path office light diry power,power,local
broken pipe wire drain people cut nobody blocked flood tank,power,local
supply dirty urgent drain supply cut families came,water,local
affected illegal title peole street office lese cut,tenure,local
power water needed cut again wire comunity power plese wire unsafe many,power,local
blocked wase action unafe dlayed flood our mnth needed,sanitation,local
ward supply land action cut last tap suply tank,water,local
damaed needed help acion dust,road,local
noody promised damagd road came meter stret smell,road,local
pipe needed tank still came diry night our street missing damaged tank,water,local
families unafe metr old ligt please unsafe wire,power,local
waer water area metr since cut urgent pipe tap meer our,water,local
wire illegal power lese leae fmilies authority plot old title flood delayed,tenure,local
plot came illegl smell area promised pople afected meter illegal,power,local
pipe pipe delayed our ugent wire street many waer supply,water,local
promised flood smll steet plot again flood requet many,road,local
wire delayd illegl missig came came cut power,power,local
watr suply pipe since morning spply dust pipe our,water,local
neded smell watr authrity wire blockd nght path still,sanitation,local
power illegal flood ligt ward our damaged wire night,power,local
last dmaged plot missig plot since,tenure,local
light path request wire still cut dust road lease road,road,local
tank plot promised supply comunity month delyed,tenure,local
moning cut path meer promied dust night street unsafe,road,local
plot community plot leae missing tank came old illegal people,tenure,local
blcked tap morning wase cut water since power dirty help,water,local
help neded land lase area families month plot unsafe plot,tenure,local
urgent urgnt unsafe please since brken came water flod smell,sanitation,local
unsafe dust wase wire delayed wate wire still many promised,power,local
dust path still old missing affected last tap cut street our,water,local
ilegal ilegal diry plot old ofice,tenure,local
flood water area road water our action road famiies road road power tite,road,local
lase cut pipe still children children illeal sill leae plase boken,tenure,local
illegal community promised flod aain blocked street tank help blocked,road,local
delayed last light please ward authority old children land,tenure,local
offie unsafe road road blocked path requst last,road,local
wire tap street smell action promisd wter water cut ward families,water,local
cut authority supply pipe boken unsafe water needed missing flood ward,water,local
damaged dust street sice blocked damaged road children smell many,road,local
smell waste delayed wase title since auhority nobody delayd,tenure,local
area community help title ilegal cut again dain tank plot,tenure,local
morning pipe tank path ofice water since please water please waer power,water,local
requst morning affeted pipe drty unafe agan wate road,road,local
wter cut promised nobody wire pipe community water lease people action,water,local
land illegal famiies noody help delayed old illgal road dust,tenure,local
since sill broken dust lght cut tap flod cut again supply diry land,water,local
pleae road path road steet land ward street road,road,local
blocked tank tap chldren damaged came pipe cut affected water water snce,water,local
lease dirty tank children drin tap pipe,water,local
missing community please tank old old again delayed,tenure,local
month mter office metr water pipe offie street,water,local
wire tank street people our drain neded,water,local
please nobody request plot needed land morning old,tenure,local
children office help title area since blocked,road,local
land month illegal missing reuest affectd families lease power dirty,tenure,local
our water still tap water unsafe needed,water,local
poer illegl acton peple waste cut dity office mrning,sanitation,local
wste flood dust request old ward month came morning,sanitation,local
since suply pipe last area supply pipe help office,water,local
sreet dust plot month road children dust ward wire since road,road,local
children communiy month delayed plot light moth,power,local
community blocked morning drain power path dirty flood,sanitation,local
waer old since land help old illegal lease plot cut blocked,tenure,local
dirty dirty chidren night,sanitation,local
morning last morning missing many please plot land flood lease land,tenure,local
since authority old street path people wire month,road,local
waste wire illeal water urgent still cut mter,power,local
request water pipe families pipe please tank smell,water,local
pwer unsfe people title water office light missing meer meter community,power,local
wire came tank mter usafe suply promised cut,power,local
road dust moring wire lease wire land dust ugent peole street watr came street,road,local
missing chldren wate dust tap cut broken,water,local
road power wire needed power cut help tank dain meter,power,local
water unafe please cut broken pipe authority families needed,power,local
flood mssing our waste drain waste autority waste flood affected,sanitation,local
cut suply unsafe supply supply promised dirty,water,local
unsafe bloked again wire broken many blocked families ward waste month,power,local
pipe ation water broken water light broken families drain lease light needed,water,local
cut our needed supply tank please,water,local
ilegal peole poer steet needed area road dirty path drin drain,sanitation,local
illegal help again flood authorty street street path,road,local
since still stret noody plot street street mnth plot road community cut,road,local
plese wire road flood ward area,road,local
title reuest tite lease action,tenure,local
came dust request dirty wire road flood dirty drain our promised,sanitation,local
drain illegal came land needed office lease,tenure,local
cut street morning communiy water tank damaed land blocked damaged illegal came path damaged,road,local
nigt path waste land blocked month bocked,sanitation,local
illegal autority water mnth mter last request flood,tenure,local
broken nbody light people nobody dirty morning path supply pipe,water,local
night drain people drain help tap action flod drty,sanitation,local
wate our wate smell ward many drain office,sanitation,local
plot mising,tenure,local
missing mornig nobody road again land path land nobdy dlayed,tenure,local
street flood blocked drty still road dust,road,local
wste path our wste light niht night flood wire moning waste,sanitation,local
tile athority damagd peope ward promised street tank meter,road,local
water dust affcted still water poer,water,local
authority sreet flood road title children damaged acion smell,road,local
offie blocked dran mter wire bocked supply nobody,sanitation,local
needed affected wste affected action broken broken flood brokn,sanitation,local
power nobody month water broken area dust wire powr light,power,local
street street watr unsafe flood night road help missing families,road,local
since unsafe last path action,road,local
ilegal meter broken blocked nobody wire tank wter ward,water,local
supply cut needed blocked unsafe affected title,power,local
still broken water affected water ward month dust power many mter,power,local
illegal our last delayed promised illegal plot tite plot damaged,tenure,local
our street help light road waste needed unsafe road road road,road,local
cildren illgal smell land acton old broken illegal since dirty dirty area,sanitation,local
children requst missing request morning month please pipe supply diry,water,local
broken affected affeced lease title path came morning month land delayed old plot,tenure,local
area waste blcked smell road wter diry old please,sanitation,local
dirty waste families many smll smell bocked damaged,sanitation,local
road urgent stret broken road dust our,road,local
blocked unsafe office morning urget,road,local
cut tap waste month morning tap agin cut request cut,water,local
flod water ligt dity request smell drain last ward children unafe help dran,sanitation,local
drty lese missing community lase community ttle lease affected,tenure,local
street damaged tank community unsae area street pipe,road,local
area damaged pipe land office ttle still missing noboy urgent,tenure,local
land unafe help pipe land children flood old,tenure,local
rquest pipe lease pipe smell supply peple came drin water supply urgent,water,local
plot people smll help land plot plot street plot old,tenure,local
wire illegal please children bloked tap wire affeted supply,water,local
meter meter liht tank unsafe nobdy community tank request urgnt wire wire power,power,local
failies smell land sreet blocked old street bloked tite,road,local
community children road promised smell reuest smell path,sanitation,local
since action waste path supply blocked diry waste,sanitation,local
dain affectd blocked missing came cut our delayed meter,sanitation,local
nigt unsafe illegal smell bloked ttle action dust,sanitation,local
help path title drain illegl morning flod street road many dran,sanitation,local
still plot urgent please street affected lease nobody sreet,road,local
dust path road damaged dust ward many blocked,road,local
road suply help help tap power pease tank,water,local
children came dust missing land plot tile,tenure,local
morning path dust path usafe nobody old sice promised,road,local
came illegal meter meter month water supply missig many please people waer,water,local
last children missing delayed nobody plot plot our,tenure,local
cut cut watr blocked promised our,water,local
wire supply deayed broken tank delyed last brken action,water,local
families waste dirty drain pipe our dirty,sanitation,local
ward urgent pipe land still affected broken people,water,local
cut action many community broken,power,local
urgent water dirty flood flood drain waste agin,sanitation,local
illegal unsae title lese title old lease needed sill delayed office,tenure,local
unsafe title wire dity still meter light,power,local
wire old metr dust old metr peope,power,local
smell waste broken families area ward needed flood dirty blocked reuest,sanitation,local
tank drty title actin area pipe our tank pipe,water,local
needd stret again month famlies leae famlies stret road,road,local
drain meter illegal dust help poer meter power ward meter,power,local
our road children action supply area power street lease,road,local
area tap land land urget street athority land title tank,tenure,local
tank plot bloked land came street community land plot land needed,tenure,local
spply title water nobody meter plot office ward power help night,tenure,local
path dust wate path help water night street road path,road,local
month dirty wire unsae ilegal illegal cut please powr missing,power,local
meter power promised morning title old deayed morning,tenure,local
street street flod light request title,road,local
path unsafe blocked our path cut nobody water authority,road,local
drain families food affected bloced flood our brokn old,sanitation,local
pipe street children area smll affected came blocked,sanitation,local
request area nbody supply dain sice month damaged promised blocked drain food smell,sanitation,local
blocked authority wate came path came flood damaged unsafe,sanitation,local
street wire cut came ward office stret request meter meter nbody sell,power,local
illegal lease power watr light cut nobody needed plese dust,power,local
water nobody night pipe path smell watr promisd supply help community tank,water,local
help area old water pipe water lease dirty,water,local
tap water nobody people damaged sreet,water,local
steet cut missng month pipe land families pipe,water,local
delayed last agan damaged ilegal illegal title lese since please lease waste,tenure,local
water ilegal water supply cut still unsafe,water,local
meter smel community power dust illegl,power,local
still drty wire delayed title broken drain ward unsafe plot still,tenure,local
land neded light ward urgent,tenure,local
metr cut ilegal cildren power ilegal flood lght illegal noody broken,power,local
old path ward dirty delayd area tank pipe night cut many,water,local
flood tank supply waste cut still affected last water,sanitation,local
authority delayed snce authoriy proised help title missing,tenure,local
path delayed title power children land power pipe,tenure,local
community dity people meter nobody promised old,sanitation,local
afected drain pipe ward tap drain water,water,local
affectd cut dust nobody flood unsafe area blockd afected power path,road,local
poer meter unsafe flood cildren pipe flood,sanitation,local
urgent mter morning light many cut morning wire action help meter,power,local
dust title road blocked flood nobody needd unsafe,road,local
night dirty water water tap smell area our,water,local
pipe land waste tank cut authorty help people illegal still afected land title,tenure,local
tank ttle area land missing authority title stll,tenure,local
flod boken power path many our supply,sanitation,local
land nobody stll dlayed missing plot families broken wire,tenure,local
tap water affected dirty drain wase waste,sanitation,local
families community unsfe pipe last street waer,water,local
tank tap missing tank authority supply,water,local
illegal supply children people action plot meter smell land,tenure,local
many plot tite many lght wire drain delayed missing,tenure,local
dust many cut wire illegal still waer liht broken,power,local
morning urgent came path wire unsafe dust poer,road,local
our damaged plot help nobody mornig land road,tenure,local
sell path came meter famlies wire damged blocked action path ilegal flood,road,local
still dust cut since blocked pople action food,sanitation,local
request water request morning title last missig title,tenure,local
area office water tank since supply sreet illegal,water,local
cut pipe tap dirty urgent boken many plot,water,local
land land blocked lease acton mising month dust agin pipe,tenure,local
people smell broken drain waste please people nbody,sanitation,local
damagd promised night dust waste damaged road affected community,road,local
dity usafe since water land fmilies cut,water,local
morning tank road many cut illegal dlayed broken,water,local
promised lease authority broken land missing tank people,tenure,local
drin wire please waste street dirty area moth,sanitation,local
cut tank mornig old dust waste water help,water,local
path office office came blocked ward childrn blocked drain families,road,local
damaged road dirty authority last dirty road stret ward street help,road,local
tap sell cut office urgnt tank community,water,local
came delayed rquest power ttle lease title,tenure,local
flod dust chidren office supply unsafe supply,water,local
dirty action waste drain title people lease smell plot our waste help,sanitation,local
blocked office children bloked blocked dirty damaged delayed people,sanitation,local
dust flood power pwer action lease nigt,power,local
fmilies plot plot waste last nobody lease,tenure,local
water supply urgent tank watr water help ward street old road community,water,local
niht drain broken dirty affected since dran waste agan light flod flood,sanitation,local
still lease water plot area flood many please,sanitation,local
illegal unsafe snce affected urgent cut cut wire lase missing dran,power,local
road chidren morning office usafe authority path tap dust water wire,road,local
families ttle power office urent missing peple tile lease illeal title lease power,tenure,local
came last path affeced flood ilegal,road,local
came noboy steet street area many street smell missig month,road,local
unsae affected water path many meter promised promised ward help blocked,sanitation,local
meter road month unsafe damaged help damged still street authoity morning,road,local
urgent unsae authority request tite wire drain,sanitation,local
mrning plot neeed cut still cut broen help cut,power,local
dran broken land ward blocked morning dity cut,sanitation,local
cut authority wire drain area drty urgent tank agan morning,water,local
land tap damged nobody people tap pipe cut plot,water,local
wate bocked old old families many flod waste area waste mnth request plot,sanitation,local
smll dran ward missing smell delayed still flod came families,sanitation,local
illegal since area meter power cut community athority pwer cut power light broken,power,local
title stret sice flood street unsae broken sice,road,local
drain dust street aain children road reqest missing plot,road,local
many morning supply power office water tap pipe please,water,local
power food wire area broen families came dust,power,local
tap pipe our supply request famiies since flod,water,local
ward broken ward tap authoity plot wire tank night supply tank,water,local
since many illegl night meter night pease metr meter lease unafe childen,power,local
our came food cut old pipe old pipe dust,water,local
missing offce power land illegal food smel lease wter,tenure,local
supply blocked area waer smell nobody waste wase,sanitation,local
supply since supply road last agin office supply old missing brken street tank tank sice tank,water,local
stll cut area needed pipe still drain suply nobody pipe,water,local
waste wase drain light unsafe promised dust broken missig,sanitation,local
broken unafe dust unsafe reqest actin childen path plot,road,local
families brken title title illegal help smell night our help,tenure,local
peope cut title needed power leae came,power,local
promised meter action missing power promised area lease our unafe,power,local
metr again mornig request drain,water,local
path our meter ward path damagd path needd blocked damaged land,road,local
action needed flod ligt power night path cut came affected requet cut flood,power,local
ward power affected flood unafe water road our many children,power,local
land lease ilegal illegal wire missing acion pipe help night area,tenure,local
title area wste flod dity promsed smell,sanitation,local
again plot pipe children title road road daaged community came land dust land,road,local
people brokn land office needed pleae light dirty night people,sanitation,local
drain came night cut dirty poer flood smell help dirty,sanitation,local
illegal community authority unsafe ward supply path path flood last blocked,road,local
cildren smll area pwer aain water authrity road,road,local
nobody dity tap drin acton action drain road,sanitation,local
nobody smell unsafe water unafe please families request,road,local
old pipe path affected delayed damaed path,road,local
waste rquest since waste nobody area dirty came,sanitation,local
illegal morning office illegal people cut,power,local
came broken street children illeal smell commuity reuest drain,sanitation,local
road dust help road tank road damaged came,road,local
light illegal power usafe promised wire request cut affeced people unsafe,power,local
morning please tank offie road plot nobdy dust ward dust,road,local
boken dirty waste ward blcked illegal old children,sanitation,local
missing blocked drain missing broken tile lease help pease water still morning reqest,tenure,local
drain office agan many power poer delyed urent cut afected blocked wase water,power,local
last broken land since old illegal ilegal promised damaged,tenure,local
wire nobody broken dirty affected mnth drain pipe still power,power,local
tap tank drin pease authority blocked title smell water area cut cut affected again dirty,sanitation,local
land pipe nigt tap metr tap delayed unafe supply help,water,local
suply water path night supply mising community,water,local
deayed authority waste lease flod wase morning people drain,sanitation,local
title land morning wire lese path pipe delayed urgent,tenure,local
please road ward diry wire drain ward path,road,local
flod help many water meter pleae promised power pwer,power,local
unsae ilegal road power unsae road community illegal sice damaged nigt,power,local
again families dust street our watr,road,local
monh cut last tap cut tap light tap tank area,power,local
unsafe stret damaged wire cut wate afected offce,road,local
smell waste missig drain action tank ward dran our,sanitation,local
blockd diry powr plot smell again,tenure,local
wire road last pipe tank moning tap water tank old,water,local
commuity ward dust wire night wire water usafe street cut many damaged,power,local
flood request stil urgent pipe cut tank metr plot cut meter wter pipe ward,water,local
needed dirty sell blocked title dirty supply pipe dirty many,sanitation,local
our commnity supply waste promised night aain dirty drain dain drty families,sanitation,local
drain land morning came still reqest tite,sanitation,local
wste broken cmmunity niht children usafe please dirty bloked,sanitation,local
again missing land pipe plot light land urgent tap plot tap still,tenure,local
still path wire night affeted unsafe power cut night,power,local
wire ligt light came month drain wire,power,local
dust flood unsafe many action stret path cut broken road,road,local
cut month needed request land community people waste waste dity,sanitation,local
unsafe damaged pipe street area stret authority last path moring waste,road,local
water water brken childrn sine pipe light tap please,water,local
boken road smell office request pipe road area pipe plase,water,local
blocked chldren waer broen ugent suply dust damaged,water,local
water water needed moth unsafe drain monh broen again month,sanitation,local
suppy area office road urget path plase road dust urget,road,local
food dirty smell dirty drain ward dirty unsafe,sanitation,local
dirty stll please road light came land water request unsafe,road,local
lease area ligt ligt wire meter night,power,local
diry dirty cut came dirty proised waer still blocked pipe,water,local
help wate please,tenure,local
promised lease title illegal missing road sill title delayed since,tenure,local
street damaged dust powr community dust our area delayed,road,local
smell since dirty flood dust,sanitation,local
needed suply drain urgent still water water cut came drain ugent,sanitation,local
authority meter mnth tank still power broen,water,local
promsed morning flood water month again broken moth road cut,water,local
wire illegal power cut cut plot needed urgent morning meer waste came,power,local
month wire nobody morning illegl power dust blocked still,power,local
last light illegal waer tap area,water,local
action our illeal street plot authority wire,power,local
illegal many peple month land mising office action damagd ttle land,tenure,local
smell drain damged path road promised path blocked again water,road,local
illegal needed street request urgent meter community cut,power,local
sine chilren power area smell metr meter delayed unsafe people,power,local
mising waer drty flood help many dain dity area wter delayed blocked proised community smell,sanitation,local
wire pipe people dirty cut land water ward area powr unsafe missing wate needed,power,local
flood chilren smell dain flood unsafe nobody power help plot,sanitation,local
community since commnity meter light light mter damaged promised wire,power,local
wire cut office poer promised,power,local
broken wire sine month illegal light help delayed came wste light,power,local
children light still communty damaged cut,power,local
water suppy bloced came land athority last supply cut request broken,water,local
street road community stret ofice childrn stil path,road,local
children pipe please land niht street ofice broken,tenure,local
moth again office unsafe old land missing lease illegal road food,tenure,local
authority broken month cut smell watr,water,local
stil power broken illegal childrn waste,power,local
dain nobody waste sill waer old our,sanitation,local
blocked ward came pipe dirty road wire street authority,road,local
power damaged sreet pipe dirty flood families tank road road,road,local
delayed children request meter title old title,tenure,local
old affectd meter lase delayed delayd help nobody our land boken,tenure,local
supply authoriy last unsafe requet plot,tenure,local
waste tank offce waste promised came power unsafe ligt cut blocked,power,local
pwer light request area help broen illgal month unsafe,power,local
help plot road path street unsafe plot watr missing many still,road,local
still cut people broken smel tank ation urget urgent pipe path,water,local
old mising came community request lease tank,tenure,local
area wter plase pleae request supply light damaged watr land,water,local
help smell lease waste water path smell lease missing water dust sill nobody bocked nobdy,sanitation,local
please dirty dust again street night,road,local
office pipe sreet watr area our many many water,water,local
since street path tank illegal promied last path,road,local
street action smell flood land title delaed bloked,tenure,local
promised please missing wter urgent lease families,water,local
authority unsafe light cut plot wire wire urgent street,power,local
nobody waer area since supply spply wire metr please dirty tank,water,local
sreet office moring tap nobody our water our cut water,water,local
plot cut cut cut broken land land lease damged missing,tenure,local
still promised old smll brokn,sanitation,local
last action dirty supply waste pipe nobody suppy needed,water,local
tank tank water blocked tank last delyed night,water,local
flood wire wire morning nobody affectd path,power,local
wire wire boken smell land actin communiy,power,local
came land illegal chilren community bloked area,tenure,local
mornng brken damagd waste blocked water morning,sanitation,local
action tite brken illegal mising authority mssing people,tenure,local
ward pipe supply missig authority wase families mising last,water,local
our unsafe illegal nght water broken suppy water blocked waer,water,local
tap mnth diry street dust unsfe water,water,local
came drin our steet dity road drain help,sanitation,local
lese plot cut land children morning delayed,tenure,local
lease plese title missig area land leae again land affected,tenure,local
dust street request light month street flood flood last community delayed,road,local
bloced ward street ward waste blocked street broken,road,local
flood flod request bloked drty ofice people plot,sanitation,local
office request smll children lght dust dust broken still,road,local
wire many peple daaged dran plot broken dust lght unsafe,power,local
title land aain area land many action tank,tenure,local
flood meter needed failies power damged path ofice delayed unsafe,road,local
broken flood wste smell agin missing ation request delayd delayed,sanitation,local
flood metr blocked many mter authority,power,local
area since authority supply meer supply land supply,water,local
ward meter street power cut power illegal old,power,local
smell drain help community waste meter broken power drain sill wate,sanitation,local
stll morning authority title request old land,tenure,local
help still dirty illegal afected tank damaged water drain,sanitation,local
tap famiies pipe supply tank,water,local
acton people pipe drain nobdy cut dirty waste ward smel,sanitation,local
pwer illegal power urget dust power tile morning moning failies,power,local
area acton drain wire last blocked meter food,sanitation,local
cut authority food children blocked nobdy authority cut plot illegal waste promised,sanitation,local
blocked deayed ligt power boken month help poer dust power water,power,local
illeal wire pipe agan offce cut,power,local
land area promsed tile mssing plot neeed request tite,tenure,local
dirty our promised plot water auhority water waste night promied,sanitation,local
blocked community blockd flood our road drain broen water,sanitation,local
title land children many last lese came mrning illegal request,tenure,local
old dust unsafe illegal old many lght delayed unsafe,tenure,local
community cut street cut dust flood flood street,water,local
many night our missing dust flood dust title path street rquest,road,local
moring plot pipe again illegal light,power,local
old affected affeted request ward damaged land street plot,tenure,local
morning cut dirty title please plot illegal,tenure,local
came power meter wate power monh drain broken pwer,power,local
old dust children delayed reuest ward comunity title title delayed delayed,tenure,local
tank tap month tap area came illegal unsafe,water,local
brken meter needed stret childrn illegal street,power,local
blocked path smell dity old nobody blocked still boken,sanitation,local
illegal dust unsafe meter families plot still poer,power,local
last sice our tank childrn delayed plot path dust ward,road,local
childrn area mising delayd illegal old again missig land,tenure,local
dran promised nobody childrn light drain blocked drain street urgnt drain,sanitation,local
children path waste unsafe blocked smell smell area unafe month,road,local
lease area light affected flood night illegal,tenure,local
action waste blocked water promised drain supply broken,sanitation,local
smell since afected flood drain food blocked path mrning drain authority,sanitation,local
bloked promised unsafe street street unsfe path commuity,road,local
came meter meer cut people illegal smell came,power,local
ward damaged watr lase damaged last damaged dirty stret flood,sanitation,local
broken blcked wire action lease,power,local
deayed illegal path area delayed cut,tenure,local
damaged supply illegal waer dirty affected office please water blocked light,road,local
waste flod smell bocked help help sell area affected,sanitation,local
our land land flod pease lease title land path action street plot,tenure,local
office since since poer acton smell still unsafe wire land power,power,local
children chldren families ilegal ward,tenure,local
our many damaged flod blocked again dust families,road,local
came people path blocked children illegal street,road,local
blocked flod damagd still last street still bloced street,road,local
needed flood street light path stll again dust came last wire broen street,road,local
drain authority boken peple smell ward blocked,sanitation,local
supply request tank familis lese aain street street urgent,road,local
fmilies month affected wire cut damaged since cut unsafe affected nobody dust,road,local
drain dust families smell our dust office affected street title food,road,local
nobody water tap since cut flod dust tap authority suply,water,local
drain land children community cut drty,sanitation,local
plot title plot title stret dust office street children,tenure,local
wire needed power path cut drin pipe fmilies illegal,power,local
missing last drain many promised,sanitation,local
land delayed road path reqest unsafe lease urgent authority,tenure,local
land needed missing last many title illegal broken illegal needd illegal,tenure,local
lease lease last delayed nobody area month ugent street came,tenure,local
missing afected illegal ilegal lease promised action food flood,tenure,local
water neded old supply broen,water,local
pipe office tap area broken dain came pipe,water,local
families actin urgent supply damged land urgent brken spply drty,water,local
help please dlayed dust requet light ilegal drain,power,local
smell pipe dirty mnth came cut urgent,sanitation,local
smell broken flood pleae dust drain morning,sanitation,local
wire needed meter pwer cut children wire wire area,power,local
road action waer community suply,water,local
light plot bloked action plot,tenure,local
ward delayed land light smell title,tenure,local
drin night light authority promised light dirty meter,power,local
power wire missing plot authority many our plot came,tenure,local
path last road request daaged nght families unsafe flood chilren authorty waste,road,local
smell dity community drin dirty waste,sanitation,local
unsafe wire illegal pople lght night people urgent unsafe pwer,power,local
since pomised still urgent meer month light street,power,local
morning flod title again poer wire power light power since,power,local
morning dust urgent nobody authoity affected drin flood flood,sanitation,local
pipe proised missing pipe authority community wire,water,local
plot children road road dust street dust families chidren still path,road,local
stil children lease families meter lease plot title land wter light,tenure,local
athority illegal boken blocked path waste drain waste street,road,local
road flod waste came boken dust smell blocked,sanitation,local
illegal families water water nobody request tap,water,local
road many area road power children flod,road,local
children cut old affected nobody tank help,water,local
dran our damaged sill comunity tank ward,sanitation,local
last affected drain still liht path meter light meter,power,local
unsafe street metr ation community bloced blocked unsafe,road,local
nght waste title meter stret children,tenure,local
land water people metr wase,sanitation,local
smel blocked dity our many dain smell tank month many pipe last unsafe,sanitation,local
light moth many water suply cut cut,water,local
land waste action dirty action wste lease our delyed flood,sanitation,local
powr power cut since light families,power,local
area nobody missing drty water bloced drin many urgent,sanitation,local
flood nigt lease wire power month cut meter stret authority,power,local
drain delayed unsafe wire cut area please last ilegal children land,tenure,local
land drain communty cut title illegal land title affected area,tenure,local
help delayed our power last tank street,water,local
broen unsafe still unsafe missing cut since broen dirty still tank,power,local
urgent children broken flood our drain promised,water,local
road path broken urgent path,road,local
tank old help lease pipe night came lease,tenure,local
ward tank children dirty illegal our broken,water,local
action ttle land fmilies land tite illegal authority wire nobody lease our cut street unsafe,tenure,local
drain help meter pipe broken requet dust moth road cut,water,local
night damaged dirty food area many dain illegal needed again nbody drain waer,sanitation,local
dust land reqest light wire our ward power,power,local
deayed ation light people request waer wase wire light mrning meter powr agin,power,local
water tank water people smell,water,local
action damaged came land deayed leae,tenure,local
road meter street illegal meter children illegl urent authoriy,power,local
drain offie broken flood waste drty water nobody blocked pipe,sanitation,local
supply our supply supply meter waste tap came,water,local
last land many path title ttle,tenure,local
pleae wire light famiies light power damaged cut,power,local
smell waste blockd cut waste street wire supply dity,sanitation,local
light again moning mter flod cut,power,local
meter suppy authority unsafe wire our ilegal illegal ligt,power,local
month mnth dain bloked cut illegal water night street,road,local
smell title families affcted title unsafe illegal illegal wire aain illgal,tenure,local
tank pipe tap tap illegal urgent,water,local
dirty smel missing broken dust wire actin flood blocked urgent,road,local
famiies supply missing flod road sice title illegal people,tenure,local
lght powr came needed moth powr wire aain road,power,local
land plot lease area ttle delayed help,tenure,local
action pwer last pomised area dust old came lght boken title,power,local
moth powr unsafe affected light flood wste children delayed many,power,local
old illegal community help diry comunity lease requst blocked broken,sanitation,local
diry wase waste office illgal illegal unsafe water brokn again wire,sanitation,local
smell light wter our promised water street tile wase afected waste action waste,sanitation,local
dirty tank land authority tank cut acton supply light land afected,water,local
area still plot our monh flood ttle title old,tenure,local
title families affectd pomised title many lease dlayed,tenure,local
drain dirty dirty old water unsafe needed tank came,sanitation,local
water noody flood suply authority smell dain ward promised,sanitation,local
land pipe waste cut peole suppy,water,local
action waste wire cut waste dirty wste path authority niht since area waste,sanitation,local
help blocked power flood road street street flood,road,local
stret delayed authority land again road lease title illegal urgnt,tenure,local
children broken request drain people help sell nobody watr pipe,sanitation,local
morning path since damaged offce affeted urent light light illegal,road,local
unsafe pipe road dust drty illegal nobdy broken rquest waer road ward,road,local
sill tank delayed dirty office community supply,water,local
dust wire noboy pomised road our dust unsafe,road,local
mising broken illegal blocked promised,tenure,local
tap came water tap waer broken help,water,local
unsafe our please help monh power,road,local
street affected delayed road damaged again night action blocked,road,local
drain wste last our delayd,sanitation,local
action plot plot plot area dirty land power,tenure,local
still came plot path wire wire wire authoriy children cut,power,local
please dirty meter wire action metr action,power,local
blocked pipe tap broken request cut tank lease tank failies road request,water,local
noboy night path lese water last dust usafe,road,local
lease waste nobody path plot authority please night plot,tenure,local
lght broken still office plese since please flood,sanitation,local
flood old month plot help lease needed lease,tenure,local
waste morning pipe broken meter dity watr street wire water tank,power,local
offie authority help illegal broken illegal came path came lease,tenure,local
lese cut tite land cut delyed ttle moning tap land,tenure,local
plot damaged request please old blocked waste,road,local
land illegal cut came old please old land,tenure,local
people please wire wire night authorty light leae delayed,power,local
street since path road night,road,local
missing our land request brken broken dirty land wter moring pipe promised,tenure,local
office promised please unsafe drin month came pomised pipe pipe,water,local
plot flood many tank lease children,tenure,local
nobody dity missing promised title came,tenure,local
wire pipe illegal lase broken delayed power path broken community,tenure,local
drin path meter blocked dity,sanitation,local
delayed our old old broken plase old path missing lease help,tenure,local
broken illegal again wste broken dain meer action,power,local
waste path ofice action path people road light help last broen nobody,sanitation,local
dust tank needed mnth wire,road,local
unsae wire metr promied water power cut families families dran pipe,power,local
help our water families road ttle unsafe smel,sanitation,local
missing urgent request unsafe road area cut people pipe,road,local
people mrning blocked dust street wste,road,local
tap tank famiies pipe cut ward still dirty ward,water,local
night ligt illegal land night children tank pipe tap water pipe many illegl tank,water,local
ligt many power old promised still smell broken lease area brken light,power,local
affected supply offie morning light pipe,water,local
old street tank old action our dust street,road,local
still drain bocked blocked dirty flood sice came came tank,sanitation,local
plot waste night area waste dirty drain blocked,sanitation,local
children affected smell moning mssing month nobody tite meter,tenure,local
moring old area wire light power ilegal power community request,power,local
road many path children tile plot old area land pleae please our,tenure,local
smell smell needed many flod meer since authority tank,sanitation,local
meter wire authority office ofice unsafe brokn street dust wter cut,power,local
illegal office damaged power came families lght broken power supply area,power,local
authority old wire pipe pipe ward,water,local
tap cut path cut last help water wter still,water,local
title missing cut land needd morning help old,tenure,local
wase night dirty brokn pipe water nigt tap noboy land dran,sanitation,local
tap mising request street ward broken tap,water,local
last athority still land dran title plot promised bocked,tenure,local
tite path please last ward steet flood affected night,road,local
plot waste pipe children flod our pipe brken supply help,water,local
damaged blocked path road people road promised nobody,road,local
cut needd flood light action,power,local
unsae old illegal help broken morning needed ugent,sanitation,local
children morning land tank our plot cut affeted old land,tenure,local
old night nobody families drain damged,sanitation,local
dran ttle plot light authority drain tile stil dust,tenure,local
supply lease road powr power unsafe road urgent ward,power,local
tank land lease lease land cut since action,tenure,local
blocked title families plase flood night street delayed path affected old dust affected needed,road,local
path cut still our nobody supply ward pipe,water,local
path meter damaged many many ugent blocked flood tank flood,road,local
pwer affected unsafe ward wire pwer,power,local
our power light wire area road power light again broken,power,local
land offce our flood cut still road plot road,road,local
sice since path tank again acion,road,local
please meter metr cut urgent sell area power plot cut,power,local
cut dirty damaged last meter tap supply waste again,power,local
road peope needed road dust dust sreet last wase damaged dust,road,local
supply agan tank lease flood moring waste please water old pipe month month pipe,water,local
affected office plot affcted plot delayed pipe lease land morning missing,tenure,local
flood flood meter our please office light light,power,local
title flod food familes our blocked waste bocked came needed,sanitation,local
month tank many urent children water pipe pipe water missing ward supply cut lase pipe,water,local
nght land community plese land land,tenure,local
area cut meter wire agin power meer request blocked,power,local
poer smell affcted wire authoriy authoity area many wire meter,power,local
unsafe power unsae missing illegal promised ward,power,local
our children delayed metr needed plot unsafe wire,power,local
illegl blocked office meter our dirty light wire,power,local
families came tite needed broen street road path office,road,local
land urent plot night request our mrning flod waste title plot,tenure,local
smll cut old office unsafe supply dran wase flood,sanitation,local
broken needed request unsafe path unsafe ward action dlayed flood path,road,local
blocked flood wter urgent power road unsafe offce,road,local
watr authority wase pipe wter night families tank snce nobody lease,water,local
unsafe path blocked tap affected promised smell road ation ward,road,local
path dmaged please road,road,local
bocked light path road dust street last sice help children office month,road,local
tank street many area children pipe land dirty urgent land delayed,water,local
pipe urgent blockd old lease flood broken authority night,sanitation,local
meter supply broken illegal water tank daaged,water,local
tap stll urgent pipe dirty dust cut,water,local
again children street missing actin plot community path wter lease missing morning,tenure,local
water still dirty light office,water,local
families waste tap stll wire lease tank,water,local
nobody please pople broken families,water,local
old night pipe affected boken since dirty cut power,water,local
dust affected area authorty blockd road many road,road,local
light brokn wste dran morning lese drain,sanitation,local
last flood still people dust street supply cut unsafe road,road,local
our plot delayed plot land wire our plot wire illeal community,tenure,local
broen still our area plot dirty month boken tank cut meer lase,water,local
families people drin office daaged area damaged delaed dirty dirty smll broen,sanitation,local
cut nobody pipe agin bloked,water,local
old since request road unsafe wire last nobody dust,road,local
month stret drain urget smel children flood community,sanitation,local
needed families last cmmunity water dirty dust tank land urgent,water,local
families dirty flood smell came needed blocked many lase wase,sanitation,local
title nobody title land,tenure,local
tank land monh drain old land land affcted,tenure,local
old broken urgent light night food blocked urgent path,road,local
road our smll waste pipe ofice still dirty affected,sanitation,local
sell waer stil unsafe month drain road path blocked dust waste acion,road,local
again office morning plot lease mssing lese nobody land delayed title our,tenure,local
light blocked help our path water waste our road diry monh,sanitation,local
tite diry title missing families affected plot plot needed tank lease missng,tenure,local
authorty action our wire ward leae liht light many meter,power,local
light illegal ation tap morning meter meter month,power,local
requst wire mising authority land help broken missing lase illegal cut,tenure,local
unsafe missing damaged acton old missing again watr,tenure,local
dirty sill nobody waste wire pipe flood dran please still wate sreet,sanitation,local
waste broken drin blocked plase waste many,sanitation,local
our plot help pipe tank month suply water waer came ligt,water,local
area stret dust last damaged road plot blocked,road,local
missing smell action many blocked blocked broken brken drain month again,sanitation,local
dust blockd actin pipe nobdy illegal wire illegal wire night metr offce,power,local
fmilies old tank since bocked tap water cut,water,local
night meter title tank office lase people title dirty nobody,tenure,local
supply light tap mnth broken boken blocked since help broken,water,local
urgent waste help tap flood authority dust ofice pipe wire pipe,sanitation,local
flod meter land many blocked dirty drain land waste illegal please blocked peope office,sanitation,local
cut power broken urgent damaed familes moning suply since tank urgent smell,water,local
ward drain waste drain drain path land pipe blocked,sanitation,local
pwer families aain plot help road our illeal plot please tile,tenure,local
illegl meter our delayed action land land pomised came meter damaged,power,local
path wire path smell area affected path damaged ward familes,road,local
waste wire broken action agin drin drain blocked dirty,sanitation,local
land pleae land title our smel supply plot title,tenure,local
tile waste month office flood brken dust,tenure,local
diry title dust area unsae damaged action request blocked blocked damaged,road,local
cut last watr road waste nobody last,sanitation,local
ward water delayed delayed waste broken affeced unsafe,sanitation,local
blocked poer flood light ward our request dust,power,local
came illegal light plot leae dust authority area please,tenure,local
many request authority help plot damaged flood,road,local
again flood children tank needed water dust tank,water,local
came unsafe dust request drain drain broken still drain wste,sanitation,local
drin morning waste again dity waste dust,sanitation,local
damaged tank urgent title flood street stret last still urent,road,local
drain waer smll came title month stll please,sanitation,local
pipe neeed lease cut ilegal broken many many pipe wire since nobody,water,local
supply sice blocked many illegal title old blocked flod flod affected people waste land our,sanitation,local
dity leae people cut watr waste children land street missing tap action since,tenure,local
pleae wase tank dirty many cut ugent still,water,local
power cut waste ligt still light nbody,power,local
broken boken brken promised many illegal broken cut blocked came again water,power,local
lease land title many land title affected our,tenure,local
smell mrning pipe water since office dain ward broken tap power meter mornng,water,local
delayed affected title request meter tank lease unafe illegal,tenure,local
drty nobody morning supply pipe ward pipe pipe watr leae,water,local
cut unsafe last many unsafe broken smell,water,local
street last ward road sell wire bloked flood action illegal waste came,road,local
supply action power morning tank suppy pipe since needed,water,local
childrn office damaged athority night dust damaged,road,local
light since came prmised cildren illegal cut cut please,power,local
pipe morning night flood pipe authority request waste title community illegal please tank drain,tenure,local
plot promised title still delayd land ilegal flood,tenure,local
street ugent blocked month flood action street dust action flood food pwer action,road,local
waer mising came night water please agin title plot neded,tenure,local
tap acton people flood came acion waer water,water,local
community plot month broken tank flood please brokn ward office,water,local
last tank again title road cut flood diry tank,water,local
sine help usafe food urgent dust dust request,road,local
mising affected road power drain illegal old sine night,tenure,local
dust road needed flood meter came unsafe,road,local
request came tap street meter last unsafe unsafe pipe power,power,local
pipe nght broken pomised reqest suply tank water water proised,water,local
path unsae plot dust sreet authority families authority request,road,local
unsafe plot deayed ward damaged request waste nobdy authority morning,tenure,local
families diry pomised waste needed nobody sine drain dirty water,sanitation,local
unsae illegal area flood morning since unsafe area came,power,local
powr dirty drain please dirty drain title,sanitation,local
prmised wire meter children light still power,power,local
poer children delayed road please help,road,local
wire brken water mrning title cut pipe suppy office sell monh,water,local
flood dust snce dust tank cut request road path morning pipe,road,local
poer broken promised illeal families land,power,local
dain children blocked action waste drain community pipe night authrity flood water,sanitation,local
unafe affected dust broken blocked blocked old dust light,road,local
affected cut meter light cut wire meter land road dust since,power,local
noody broken morning suply requst,water,local
plot road waste path promised nobody dust,road,local
mising drain pipe needed light please affected cut,sanitation,local
many path smell title smll cut stret wter snce flood,sanitation,local
delayed authority path athority families power night night missng dust delayd,tenure,local
our path morning last dust flood morning,road,local
street powr illegal request meter please light water authority,power,local
unafe road water supply still still moth,water,local
families title land aain reuest flood powr tank title title affected last,tenure,local
drain comunity power dust dirty area street morning since,road,local
unsafe illegal metr mornng ward still power broken path illegal,power,local
poer road street path damaed blocked damaged action mnth people,road,local
delayd promised waste waste land nobody drain,sanitation,local
community dirty light power supply wire since still wire meter,power,local
promisd month unsafe road morning light dmaged water waste missing,road,local
watr broken pipe pipe help promsed cut last,water,local
pipe land affected tap land dust title suply urgent path,tenure,local
wase stil mising land last delyed missing deayed lease,tenure,local
land broken tank plot wire supply acton area our water road supply,water,local
aain broken missing waste power tank water power,sanitation,local
title supply waste many families bocked nobody flood,sanitation,local
powr children wire meter still wter pipe light mnth,power,local
peole drain smll please dain,sanitation,local
street water broken street road dust flood agin cut help,road,local
supply blockd meter stret dran street path please road,road,local
plot title last morning street delayed ilegal,tenure,local
cut delayd road dity dust tank tank area pipe,water,local
last unsafe stret broken bloked,power,local
broken children cut street nobody our community needed tank needed tank,water,local
month broken since waste title nobody requst old title cut illegal cut missing,power,local
road meter road smell people steet light night broken,road,local
wire illegal area old brokn land power last title ation tile ofice plot cut,tenure,local
people dust month road nobody path proised street sreet power,road,local
tank land missing tap watr people tank pipe chidren delayed wire families lease area request affected cut,water,local
wate power power metr authority street missing cut affectd,power,local
smell power dust ofice smell help broken familis request stil power,sanitation,local
urgent wire meter monh since wire flood tank power blocked supply sill unsafe,power,local
power request tap offie water tap damaged many,water,local
illegal land urgent since old road unsafe affectd plot,tenure,local
blocked old plot illegal wire children title nobdy neded office,tenure,local
month dirty plot cut month drain water wire,water,local
missing authority mssing lease came aain,tenure,local
last road blockd missing broken month area street,road,local
road promised community dust night blocked flood people sreet flood,road,local
affected land road land morning flood illegal illegal,tenure,local
path please many cut delyed came people,tenure,local
pleae street street poer unsafe needd street damaged,road,local
children water cut ilegal authority powr street flood our month flood our,power,local
broken lease delayed month famlies auhority nobody,tenure,local
supply still request smell pipe smell tank old blocked,sanitation,local
blocked missing water area dust still dust,road,local
tank needd flood cut supply request pipe,water,local
neded famlies land area again path neded drain street,road,local
again waste supply suply again illegal path children ugent,water,local
dirty path meter wire acion many our action our usafe light office,power,local
dirty pipe urget waste month morning reuest,sanitation,local
land niht nobody old missig plot tank our cut title,tenure,local
mrning missing broken brokn tap suppy month affected waer,water,local
families our street unsafe unsfe unsafe path illegal light,power,local
dirty since tank cut moring wire month wire,power,local
came plot people wire water help illegal,power,local
office since blocked urgent please morning,water,local
power authority help street unsafe light many suply wire,power,local
title came lese old drain illegal illegal wire urgent lase please,tenure,local
road dust flood peple road ilegal people damaged came,road,local
pipe authority cut nigt bloced month night meter broken illegal affected broken,power,local
noody waste broken came help dirty dain families reqest,sanitation,local
agin plot watr supply last action again cut,water,local
unafe food pipe meer request power agin wire,power,local
daaged dirty waste waste blocked dran requet dust unsafe flod light,sanitation,local
community acton acion land since lght mssing meter pwer,power,local
road tank request peope urgent flood meter last street street,road,local
promised cut night tank missing plase tap ward suply meter,water,local
illegal childen power meter plot illegal illeal came illegal supply area many,power,local
spply pipe tank power waer agin,water,local
night dirty dirty nght waste tank community cut missing water smell,sanitation,local
dust nobody plot noody request mising drain plot,tenure,local
plot damaged path street morning road needed office road street,road,local
last flood community deayed,tenure,local
request drain water authority dust broken supply waste urgent waste,sanitation,local
water unsae families tank nobody people power illegal,power,local
old old came last unsafe flood power help ward,power,local
smell office our dain aain plot unsafe illegal area mter,power,local
path path plot damaged damaged water still night,road,local
waste wase smell broen please waste supply bocked our,sanitation,local
help sill tap light damaged,water,local
blocked wire month land dust,road,local
blocked area land our water illegal supply missing,tenure,local
children road community area area illegal flood bloked,power,local
many plot unsafe land month blocked ilegal ligt night wire road afected old,tenure,local
ilegal title dirty path morning authoity land plot area,tenure,local
area land flood families help people illegal last,tenure,local
waste waste area lase meter nght diry dain office title,sanitation,local
ward many lease street lease actin brokn land waste,sanitation,local
supply ward flod moring drain title flood smel wire,sanitation,local
path title dust month families path power,road,local
land help again illegal dain plot title metr,tenure,local
children land road ttle plot comunity water leae,tenure,local
broken still promisd ligt lght path meer pwer meter again sice unsafe many,power,local
help plot rquest people morning land pipe morning,tenure,local
needed illegal pease land title illeal wire illegal familes,tenure,local
land please missing water promised tank supply failies came,water,local
still again blocked supply urgent pipe childen came road,road,local
flod blocked drty community road road path people,road,local
unsafe dust unsafe smell street road our flood again,road,local
illegal broken last illeal drain broken month,tenure,local
dirty families urgent brken waste proised children blocked water,sanitation,local
blocked meter area children ugent came dust diry land illegal area,sanitation,local
please pipe month street blocked path tank watr month lease stret supply,road,local
flood road last cut dust blcked missing tap road,road,local
street since road stret damaged road actin pipe,road,local
dust children again dirty title our land ward dust title,tenure,local
land drain road blocked road again people path,road,local
area area water children action waste promised cut water cut,water,local
unsafe dain dirty diry meter ofice since promised blocked dirty drain blocked,sanitation,local
peope drain plot road street blocked blocked again morning urgent,road,local
tank poer unsafe damaged ward communty,power,local
broken water pipe sreet watr cut suply urgent needed pipe,water,local
meter wire since illegl cut tank blcked urgent urget request wire,power,local
pipe last promsed famiies promised wire broken dirty light,water,local
needed pipe illegal illegal sill title diry land,tenure,local
illegal tank nobdy title plot lease blocked action illegal blocked,tenure,local
plot last waste area land came dran authoriy,sanitation,local
waer since pwer action urgent waer many nbody,water,local
action authority water meter missing water area tank tank broen water authority missing community,water,local
many our neded meter our land title help power,power,local
path wter chilren community needed promised blocked missing,road,local
wire tank promised wire please pleae,power,local
still authority children damaged bocked damaed authority unafe broken damaged,road,local
ward still road plot path smell food road,sanitation,local
land urgent rquest sill land illegal community land ward blocked,tenure,local
street still broken land morning light lght cut missing cut our lase land power,power,local
wire since land illgal help land lease,tenure,local
illegal smell office last watr waste bloked wste pipe drin,sanitation,local
broken still tank street tank,water,local
athority aain dirty road nobody delaed broken damaged familis blocked damaged,road,local
moth illegal month children street night damged requet,road,local
sreet came unsafe morning afected blocked meter,power,local
office flood stil power street dust moning urgent,road,local
delaed tap pipe month tank delayed pipe prmised illegal,tenure,local
steet night mnth drain blocked path drain light unsafe many community dirty ward,sanitation,local
area flood urgent pipe supply tank drain night,water,local
delayed lease wire dust delayed offie land plot plot offce poer,tenure,local
mising broken title plot needed office old action food office,sanitation,local
area ofice dirty dirty night water affected dity broken,water,local
blocked help please path affected damaged came land tank request flod road missing,road,local
lease ward pipe ilegal cut,water,local
street damaged cut path metr suply rquest damaged night flod families sill,road,local
still supply morning unsae lght wire ation illegal powr pipe,power,local
nobody delayd road affeted smell please comunity ilegal,road,local
community authority flod smell ward smll bocked,sanitation,local
pipe last illegal plot promised bloced land cut tap waste,tenure,local
request path dran dust blockd dust,road,local
pipe tank plot supply dirty suppy pipe ward mnth water night last,water,local
request water dirty request came damaged blocked food illegal dity,sanitation,local
tank tank promised again proised affected drty urgent pipe needed,water,local
ward many suppy old path area came delayed path,water,local
cut power meter light affcted came since supply wire cut,power,local
spply mter tank smel families supply road water agan,water,local
still path light office lght urgent ligt cut,power,local
street brken supply area water area road light,water,local
unsafe urgent area meter powr boken needed pipe light title,power,local
cut cut meter damaged metr again niht,power,local
damaged smell request drain food wire,sanitation,local
stll wire pipe drain nobody waer last area action,sanitation,local
missng many road diry came unsafe children flod drin old,road,local
smell blocked urgent waer waste dain rquest nobody drain smell last,sanitation,local
came dust water request suply,water,local
road broken dust community flood night ward unsae damaged,road,local
office lease broken lease last illegal action ttle affected,tenure,local
ligt needed children area lease,tenure,local
poer unsae tap pipe broken help path nobody drain cut morning office moth,water,local
flood unafe night wire families smell came broken request,sanitation,local
affected delayed since missing wire poer boken light prmised,power,local
commnity unsafe lese dirty action illegal title,tenure,local
poer pease came power plot last illeal dust ilegal,power,local
ofice road dust needed deayed area bloked street dust road people,road,local
title people supply illegal urgent people wire affected,power,local
suppy night smell tank pipe agan snce pipe old,water,local
powr came wire cut broken wire supply street children light flood,power,local
still people broken dirty our ward pipe,water,local
plot action plot land land still broken old tank missing plot,tenure,local
still authority supply water,water,local
wate promised cut power agan meter nobody still meter meter,power,local
daaged broken morning flod please blocked mornig,road,local
flood unsafe nght flood morning blocked power,road,local
wire illegal cut unsafe illeal old damaged cut meter came,power,local
authority food blockd urgent please road road light,road,local
land needed water pipe tap missig autority since came our,water,local
brokn aain people broken families lase title water tank illeal pipe missing community,water,local
cildren sell help blocked dust plot broken drain waer many,sanitation,local
dust needed children drain land wste nobody ward ward,sanitation,local
month blocked broken boken supply since path waste,sanitation,local
road illgal affected office many dust path,road,local
dlayed meter wire smell office broken land watr cut power power,power,local
illegal actin damaged path old steet action request,road,local
our lease our road ward light leae pipe our light meter metr,power,local
waste flood meter month waste since street missing,sanitation,local
flood niht drain dirty drain chidren,sanitation,local
smll flod month meter waste cut food street,sanitation,local
missing path path plot land morning land help damagd aain,tenure,local
cut plot month pwer dlayed affected area power pipe light dity unafe,power,local
wate plot broken road smell last stret came,road,local
path pipe wire blocked road stret our path commnity,road,local
many lease dirty cut suply tap broken people,water,local
power our unsae office cut,power,local
water many still street office ilegal dirty flood blocked dirty,sanitation,local
street agan street road neded our street peple morning broken authority tank,road,local
ward meter water meter unsafe night affeted power boken,power,local
flood blocked pipe many children meter unsae,road,local
since power waste old title delayed lease community actin morning,tenure,local
waste month nobdy flood pipe pipe smel families authority spply community blocked tank tap,water,local
unsafe last acion sice power ligt light meter,power,local
many drain request plot ward blocked,sanitation,local
light cut path wire community came pipe cut action flod light,power,local
plot moth ward broken wire month night,power,local
waer waer water families dirty noboy cut neeed,water,local
meter affected unsafe power light cut land sreet,power,local
street flood please childen neeed food again office tank street,road,local
wire meter help needed ilegal broken unsafe urgent people,power,local
land people unsafe blocked smel,sanitation,local
request missing sell broken sice flood action plot morning urgent niht,tenure,local
drty supply again since street many ilegal help flood land,tenure,local
ward area dust waste damaged flood damaged dain dran flood,sanitation,local
plot lease missing families illegl title area missing old,tenure,local
came path families boken path drain nobody,sanitation,local
road dirty road dust damaged broken urgent urgent action our again,road,local
dirty unsafe ward blocked broken authority power,sanitation,local
road unsafe urgent affected dust dust last,road,local
path office night road our delyed path many nght,road,local
cut pwer came authority since broken cut urget light metr month,power,local
nobody street road water stil path families dirty still dust street unsafe,road,local
fmilies actin plot light dust lease leae plot land missing familes last street missing,tenure,local
tank plase broken smll tap power light ward power title unsafe action,power,local
nobody many request title waste smell,sanitation,local
illgal meter office power power damaged office light deayed,power,local
ugent tank water many supply light morning smell morning,water,local
ward please illegal wire tank broken illegal wire,power,local
again dust dust path path damaged path month,road,local
unsafe flood waer old smell unsafe sreet wase light,sanitation,local
many smell since water help many broken needed smell diry still,sanitation,local
ligt path damged came path nobody our waste offie street illegal water,sanitation,local
old promised damged plot office dust dust steet affected mising,road,local
damaged tank bloked blockd flood last morning drain road,sanitation,local
broken wire unsafe illegl illegal power cildren,power,local
came area help unsae waer our pipe plot broken authority,water,local
mssing smell cut nobody flood light children metr nobody mnth ligt,power,local
neeed area missing water damaged,water,local
drain land communty diry action wate dirty drain still,sanitation,local
children affeted wire sice drain power wire action,power,local
flood dmaged illegl ward authority lght mter came pwer night meter affected,power,local
road help pipe pipe tank dirty pipe cut niht affectd,water,local
still drain blocked drain lease,sanitation,local
tank came old waste lase mssing last missing dirty came,tenure,local
broken authority drain meter watr flood,sanitation,local
blocked tank plese street path ward authority flood dust,road,local
month ation tite authority snce came illegal bloced,tenure,local
flood plot blcked nobody waste mornng stret wate chilren area,sanitation,local
plot diry unsafe missing dust our action plot affected land actin land,tenure,local
road community drty dust pipe tap tap authority pople pipe street,water,local
niht tank ward tile again flod,power,local
title land tile ugent sill came,tenure,local
since waste missng morning land land plot cut plot community,tenure,local
needed dust path damagd old community nght path,road,local
waste light blocked promised since meter drain our again flod dity,sanitation,local
road morning neeed damagd nobody path urgent commuity,road,local
dran dirty still again drty ligt diry old nobody,sanitation,local
supply urgent authority power tap since damaged old cut,water,local
lease ilegal road affected land missing smell illegal authority,tenure,local
since many broken help flood delayed,sanitation,local
plot pipe our title missing,tenure,local
road lease plot plese title office title land,tenure,local
meer drin meter liht cut broken promised affected lght supply illegl office,power,local
since plot urgent plot flood title flod many land missing leae,tenure,local
land community plot pwer illegal,tenure,local
blocked dirty moning plot plase path broken blocked flood action month tank,sanitation,local
lese stll promised watr water pipe broen broken tap dirty,water,local
broken since ofice drain blocked flood please,sanitation,local
urgent pipe light our cut dirty broken dain missing since cut,water,local
waste again waste power area people smell water,sanitation,local
please again tank office land illegal promised land night cut land,tenure,local
suppy plot blocked office diry sine waer damaged community water moning cut,water,local
light power office office morning power bocked old power needed,power,local
light children waer cut still dran blocked supply path help,water,local
needed old wase urgent drain drain dirty,sanitation,local
blocked dust dust nobody flood many unsfe snce community flood,road,local
power power damaged promised acion powr water wase actin dirty meter,power,local
smell dirty dirty authority waste smell dirty,sanitation,local
cut famiies flood power bloced illegal action unsafe wste light action plese missng,power,local
area request road power drain street missing steet,road,local
plot plot drain land sill dity peple,tenure,local
cut since bloced smell diry office help flood suply smel,sanitation,local
came diry people please niht street water,sanitation,local
comunity plot office delayed meter,tenure,local
meter action meter meter again cut many,power,local
ward blocked sreet last damaged path damaged wter illegal water street morning,road,local
path path needed damaged dust deayed road affected blocked requst people dust,road,local
again drain broen promised children request water pipe brken,water,local
delaed illgal since blocked road path people last families,road,local
since drain people families flood old,sanitation,local
request cut dity last delayd supply still our area,water,local
unsafe pipe road flod community cmmunity flood unsafe again authrity light,road,local
families smell old flood families wase,sanitation,local
dlayed lase blocked drin blockd illeal dity waste children,sanitation,local
illegal missing night missig came broken,tenure,local
neeed people meter meter poer boken authority neeed promised,power,local
please wire stret dust please blocked needed,road,local
people acton tank dirty power supply urgnt old smell tank tap families,water,local
authority mrning delayed plot,tenure,local
night help poer ward damaged tite urgent power unsfe plot powr,power,local
cut mssing help broken many blocked urget office,power,local
cut wire nobody illegal,power,local
water supply illgal spply pipe many families action plot request month,water,local
title ward promised plot daaged flood illegal nobody mssing area,tenure,local
urget affected street wire last meter road path daaged,road,local
broken dity dirty urgent wate damaged area ward people wase,sanitation,local
blocked dirty ward still tank,water,local
help requet authority plot authoity land delayed tap dain pipe request lease,tenure,local
damaged broken children flood street illgal stll,road,local
land tite lease illegal missng cut drain tank authority supply supply,tenure,local
wire meter people pleae damaged damaged supply,power,local
drain tite please illeal land illegal wire night sreet delayed title help,tenure,local
title came missing old waste lease waste unsafe leae old month dain,sanitation,local
cut unafe tank wire power office month delayed ward cut delayed,power,local
old mising pipe old ofice supply sice supply our water,water,local
water pwer supply supply affected ward ward supply path,water,local
blocked needed missing meter morning pleae land,road,local
waste children path blocked dust office,sanitation,local
spply people urent cut area road,water,local
drain needed please water still tank supply,sanitation,local
unsae cildren supply supply pipe mrning illeal land ward,water,local
cut title power wate month road,power,local
supply broken delyed pople needed,tenure,local
mising pipe plot smell lese area promised tap supply,water,local
unsafe path path ward path,road,local
missng illegal still promied night missing land plot dirty office famiies,tenure,local
promsed plot lase request please lease lease ofice title light nigt,tenure,local
missing last dirty plot needed land pipe plot ttle water wire,tenure,local
dirty pipe pipe families tank dirty affected night,water,local
since still supply help urgent land smell ilegal plot title,tenure,local
path dust action illegal morning path blocked last,road,local
promised lease supply land path community community,tenure,local
tank help lase affected land stll again water,water,local
community broken blocked sell dust wire urgent,sanitation,local
people wter flood unsafe delaed road still plot smell community,sanitation,local
last street community dain lease children unsafe blockd request meter,road,local
ward suppy powr diry community office noboy,water,local
wire request light dirty since promised nobody cut tank light road,power,local
illeal pipe last water title niht tank ation wire,water,local
many illegal month land needed old broken tank mising ward,tenure,local
neded unsafe nobody bocked authoity boken office powr flod missing brken broken,power,local
path missing our damaged illegal cut power road office,tenure,local
plot plot broken leae request area still land power,tenure,local
power ligt cut aain affcted families lease agan,power,local
water fmilies pipe pipe broken old,water,local
chldren broken many dirty food light damaged broken,sanitation,local
tank bocked road delayed suply spply morning tank water,water,local
broken dirty broken drain flood community smell,sanitation,local
last tap illegal office childen title nobdy watr plot,tenure,local
metr lease blcked ugent old delayed authority cut title community reuest request,tenure,local
damagd last brokn blocked suply came drin again request light blocked many boken,sanitation,local
path power supply help missing came road lase families road damagd pipe unsafe,road,local
community action promised request nobody cut blocked affected,water,local
path street plot cmmunity illegal boken lease drain,tenure,local
stll familes fmilies broken damaged night pipe smell damaged delayed,water,local
cut missing meter powr month meter,power,local
area snce smell dirty blocked afected,sanitation,local
delayed request flod plot request title cut flod liht,tenure,local
blocked missing sreet street month dust damaged,road,local
lease morning area again tile tank sreet please,tenure,local
tank familes food dirty ward suply since people supply,water,local
land dirty our meter poer lease pipe,tenure,local
came night lght needd many came mter cut pwer dran morning,power,local
needed stil illegal wire meter,power,local
flood flood cut nobody night night bloced dirty delayd title delayed lease wste damaed,sanitation,local
delayed old promied illegal land plot,tenure,local
last cut pipe help water tank,water,local
wire cut many power waste dirty promised chldren suply blockd urget familis food,sanitation,local
people action path unsfe illegal dust water flood nbody area our stll meter,road,local
pipe dust dran morning road stll supply path steet flood,road,local
night delaed street blocked action lease,tenure,local
ofice path needed pipe power pipe waer brokn,water,local
ward month affeced unsafe month spply,water,local
damaged drain blocked families stret comunity affected blocked,road,local
land affected area title help boken,tenure,local
meter last wire dain agin tap waer water dirty,water,local
urgent meter since chilren road cmmunity blocked road dust nobody ward,road,local
morning ward cut old ilegal wate wire,power,local
promised smell smell power drain metr land power moring please flod illegal authority lght,power,local
agin road needed damaged lese promsed request missing stret light wire lease,road,local
office since power please diry meter,power,local
title plot our people lease title light,tenure,local
help cut poer cut illeal affectd illegal flood last,power,local
water power water illegl urgent tap water,water,local
since mter power unafe needed old community poer,power,local
pipe stil ugent cut water water families dirty street,water,local
cut please people drain office cut pipe old supply,water,local
action missing urgnt wire illegal pwer damaged month tile still,tenure,local
lease blocked blocked land road dust street chldren,road,local
waer illegal damaged came came night,water,local
delayed request missing neded land action,tenure,local
lese flood cut many dust morning path still unsafe tile dust,road,local
many neeed suply nobody promised cut tap pomised stret tank,water,local
mising request lease drain tile,tenure,local
broken stll mising children drain commnity promised wire flood,road,local
our smell delayed affeted tank blocked help ward waste,water,local
again chilren ward dust aain waste drain dirty path street path power unsafe last,road,local
unsafe delayed last power wire power help wire,power,local
drain flood childrn meter diry many diry neeed,sanitation,local
power dlayed old help mornig,tenure,local
missing plot our ttle road children please last many waste title plot smel,tenure,local
nobody wire ugent wase power our,power,local
pipe urget dust aain blocked came help illegal broken,power,local
stret affected street urgent help cildren flod broen,road,local
pipe lease illegal power people ward agan affcted illegal,power,local
last urgent flod ofice water still wire cut,sanitation,local
ofice request plot damaged path dust missing month morning title land,tenure,local
our lght wire dmaged powr power again,power,local
help ilegal acion missing title old title,tenure,local
wire blocked unafe ward unsafe wire many still nobody,power,local
children broken water promised last,sanitation,local
area water waste flood bloked came wste many boken wire,sanitation,local
light pipe meter our smel,power,local
pipe affected delayed children rquest old pipe meter cut tank broken families request,water,local
peope pipe again affected request lese plot blocked,tenure,local
brken office night old wase sell please rquest request damaged smell drin,sanitation,local
broken damaged affected blocked commnity watr path waste promisd people road,road,local
illegal meter night pwer affcted power path,power,local
road noboy since road still usafe blocked blocked dust,road,local
acton came wire sice offce illegal lght water wire title broken,power,local
plot ttle people wire our power dlayed drain plot office missing,tenure,local
land land childrn illegal please street lght waste action land,tenure,local
street dust came street meter still famlies children path,road,local
monh plot our please many title land plot deayed,tenure,local
people broen wter affected reuest plot wire affeced water,water,local
diry dust sine last supply lease meter affected,water,local
blocked brokn damged blocked promised pipe community,road,local
authrity road famiies flood smll promised flood help month blocked smell,sanitation,local
unsafe waste damaed authrity month affected path dust road cut,road,local
blocked drain affected office ttle came nobody affected broken,sanitation,local
illegl meter wire families brken our wire lease action,power,local
lease flood snce steet month since flood road road steet help title,road,local
office area cut bocked damaged land street dran,road,local
community area area illegal action smell,sanitation,local
morning unsafe office,road,local
nobody last area road road unsafe,road,local
blocked action our road light many road stret cildren,road,local
promied suply needed drain people urgent lease sine illegal broken title cut ward,tenure,local
ward again dain cut supply flood old flood night land request,sanitation,local
tap supply again water area request request waer,water,local
needed damaged families area agin still,tenure,local
tank neded help mising help plot tank many,tenure,local
community rquest since meter meter wire our mter flod,power,local
water needed supply delyed tank dirty cut meter dust delayed tank supply,water,local
nobody power promised families many wire land title land lase drain unsafe,tenure,local
old road unsafe unsafe children cut dust road steet,road,local
mssing path plese blocked flood street blockd nobody water,road,local
path title office our path request children dust,road,local
unsafe road month children water last illegl action,road,local
nigt meter lase ligt light illgal ward action wire broken our,power,local
prmised cut broken pipe cut morning,water,local
morning pwer illeal smell wate community brken blocked community please,power,local
night dran wire snce blocked waste request pipe wire broken ation illegl pople boken,power,local
tap action ligt again suply our cut urgent tank,water,local
old waste food flood came boken community please street lese,tenure,local
tap cut tap street unsafe comunity plot street broken night path month food,road,local
community drain needed broken tank food urgent suppy,sanitation,local
suply tap title diry blocked tank promisd ofice tap urgnt,water,local
nobody night pomised lght light broken broken acton power power,power,local
lght chidren since chidren dust cut,power,local
ward promised waste title action stll lease,tenure,local
cildren unsafe broken road our drain cut pomised path cut morning urgent,road,local
wire water urgent agan light peple,tenure,local
path dust sreet area since noboy damaged noody tank illegal,road,local
delayed suppy land ward ward flood comunity water flood,sanitation,local
night old tite office ttle plot community leae,tenure,local
path broken blocked tank area promised road path dirty authority road,road,local
plot land blocked moning title lease waer tite food missing last,tenure,local
morning promised blocked still promised again land flood bloced plot,sanitation,local
dain missing water children came smell blcked broken,sanitation,local
unsfe metr lese meter meter cut month help dirty,power,local
please wire dust blocked meter light illegal supply since path children path,power,local
path pipe urgent stil road community old street still illegal,road,local
land plot title month old since,tenure,local
tank still blocked,sanitation,local
ilegal blockd road lght night childen power unsafe dust,road,local
plot damaged dust damaged office street affected road tank,road,local
title light road waste missing smell many came dust came,sanitation,local
old title neded families our delayed still missing nobody,tenure,local
title smll many our delayed dity since cut cut waste ward,sanitation,local
acion authority drty pipe drain dirty drain mnth title,sanitation,local
many morning many ttle night water illegal cut tank illegal,tenure,local
smell cut children drin blocked ward lght,sanitation,local
supply authrity land last auhority dlayed lease ofice plot,tenure,local
tap proised cut action street acton blocked tap street road,road,local
nobody flod title again lease month afected actin lease delayd lease,tenure,local
pipe pipe supply pipe supply office light light title,water,local
meer flood meter again nobody cut ofice poer,power,local
wire meter ward light metr meter help,power,local
tap last dirty tap light office area again,water,local
smel since illegal area delayed missng many children delayed promised smll plot delayed mising path dain,tenure,local
dity suppy morning plot flood stret unsafe pipe agan dust,road,local
promised poer pipe unsafe power wire help affected smll metr,power,local
pomised water month cut supply tap pipe,water,local
road supply supply families water spply still supply families dust last,water,local
pipe agan illgal dirty help tank meter pipe flood delayed,water,local
help lease mnth land old street ward delayed lease,tenure,local
road leae lese lease plot,tenure,local
water meter needed delayed smell urgent water water cut,water,local
plot flood land niht land land meter affected lease,tenure,local
road stret promised action,road,local
tank steet flood help urent pipe damaged childrn,road,local
unsafe title wire still mter please street light power power,power,local
month supply neeed delayed our urgent pipe,tenure,local
meer meter blocked wire action again lght wire light meter ward,power,local
plot illegal wire ilegal promised people plot children old peple,tenure,local
supply cut water lease path help still water delayed,water,local
our meter ilegal illegal watr supply pipe ward land night,water,local
promised cut plese affected morning illeal ligt ilegal rquest,power,local
moning many path meter power poer dirty,power,local
drain since please dain damaged wter dirty smell dirty pipe month drain,sanitation,local
dust community drain cut came urgent drain wire our water wase,sanitation,local
area waste help night monh smell blocked waste road meter,sanitation,local
blockd last pople old drain meer cut broken dirty ilegal plot path,sanitation,local
nobody still road suppy,water,local
action path dust meer many promised old request sreet people,road,local
supply came tap brokn blocked delayed broken affected help blocked,water,local
title action drain plot still ward power,tenure,local
broen old unsafe smel mnth wter title action water blocked community since plase,water,local
area came niht missig comunity chilren sine dity lese ttle,tenure,local
came dirty tank pipe wire pipe dran nobody promied tank,water,local
water office waste help waste damaged wter flood diry,sanitation,local
dirty waste again wate help needed dirty smell waste,sanitation,local
request street cut road path wire night suply plese,road,local
supply people path request path affected dust street,road,local
old month authority community supply light urgent unsafe plot land,tenure,local
drain dirty office title diry water land dirty needed nght supply ugent,sanitation,local
familis request nght tank unsafe waste help,power,local
road liht people broen help,power,local
ward communiy meter promised please illegal meter illegal again power,power,local
people still brken people wter help supply blocked please,sanitation,local
area our damaged pipe affeced diry damaged street authority,road,local
delayed meter power unsafe suply broen waste affected office bloked wire,power,local
month water month people dity our waste wste broken many promised flod,sanitation,local
road bloked sine street many families illegal,road,local
illegal meter smell supply authrity our sell acion,sanitation,local
children powr office cut illgal meter,power,local
offce mnth title still path ilegal action plot help,tenure,local
plot tank authority damaged many tank land nobody supply land,tenure,local
help request power promised unsafe dust broken,power,local
night waste drain waste area dain again dain,sanitation,local
came missing supply plot land unsafe still road flod nobody,road,local
came tap smell water since,water,local
water office cut road dirty month moth plot month,water,local
boken supply many please offie light promied flood,power,local
cut power last cut office land,water,local
last our affcted wire title illegal,power,local
unsafe month authority month power dust blocked families,road,local
waste land action tank water drain dran dran smell urgent,sanitation,local
drain,sanitation,local
delayed tank damaged night lase communty illegal please boken offce land path,tenure,local
delyed dust children light land title mising plot action delayed,tenure,local
land mising plot office delayed since land action,tenure,local
month delayed ligt our power,power,local
pipe light last needed mter wire waste proised water authority light,power,local
drain unsafe request old children smell,tenure,local
people pomised blocked broken,sanitation,local
illegal cildren came illegal wire cut ward,tenure,local
delayed watr dity help dust children smell,road,local
flood nobody last last land lease area missing missing land meter lease,tenure,local
water area missing plot mornng peole tap land,tenure,local
urget illegal ation unsafe pipe our power drain path mornng came light,power,local
waste morning smell help illegal dirty nobody lease,sanitation,local
supply illegal pipe cut cut water water water smell,water,local
area lease powr plot wire land pipe land neded,tenure,local
water water night tap broken,water,local
again cut ward waste smell wase ward title families affcted,sanitation,local
flood our smell ward since road office brken waste,sanitation,local
path pipe area people drain blocked pipe broken water help,water,local
land missng mornig nobody stret lese,tenure,local
authority drin waste childen road blocked urgent community dust,road,local
last missing office land leae cut our title lease,tenure,local
pipe street unsafe promised meter stret,road,local
urgent dust dust supply plase families meter again road dity,road,local
authority ttle wire unsafe many illegal missing old,tenure,local
unsafe waer pipe waste waste last urent bloced chidren our wste children,sanitation,local
community still broken dirty dirty dirty flood missing tank supply supply dust,water,local
old last help lght land lese land path urgent old delayd,tenure,local
dust path street authority cut families ofice blcked damaged metr,road,local
wire meer water office meter our mnth office,power,local
unsafe unsafe cut affected supply pipe meter came chldren,power,local
nght delayed land proised delyed nght actin,tenure,local
cut peple broken stll food affected brokn smell,sanitation,local
area meter peole drain light unsfe meter old water cut tap,power,local
pipe dirty promised cut ward meter supply pipe wire again,water,local
path drain action pipe nbody dirty waste childen unsafe childrn,water,local
waste wter water waste flood many,sanitation,local
needed ward ofice office tank sell ilegal,water,local
wire since old wire wire again path damaged meter tank wire,power,local
missing old please drain dirty needed promisd dity broken old,sanitation,local
dust delayed pleae pipe came steet land peope unsafe wire damaged please,power,local
many morning nght lease unsafe tank supply watr agin,water,local
powr broken wire sreet help cut meter damaged promised illegal still,power,local
flood area acion tile last pipe wire light food,sanitation,local
help lease title office plot tank waste pipe nobody,tenure,local
many road blocked wire morning road last road water supply,road,local
wire brokn blocked powr lght dirty ward wase action blocked moning drain,sanitation,local
old blockd broken lease wase smell plase flood waste blocked ward,sanitation,local
dust wire unsafe cut lease month since light needd,power,local
dust families flood night ligt flood many blocked road street promised road,road,local
old nigt since help daaged illegal ward title help tile,tenure,local
office dust damaged stret cut dust,road,local
dust request dirty dust road dirty lese smell drain dust needed,sanitation,local
street request authority suppy dust needed ward stret old,road,local
dust sine dust path many title food again road came,road,local
blocked communty title urent broken delayed needed missing mising missing ward,tenure,local
dirty pipe ation morning unsae morning monh supply pipe broken,water,local
broken pipe wter ward month community brken dirty help plot,water,local
title supply lase families still needed supply tank tank illegal plot wire,water,local
children path land last unsafe tank road,road,local
plese help plot mising delayed waste needed agan illegal,tenure,local
night missing delyed community sice old ilegal since missing sell plot,tenure,local
families action food road last street bloced,sanitation,local
title flod again title since delayed wire tile supply many drain last broken,tenure,local
title nobody waste wire illegal office affcted drain light,sanitation,local
road unsafe dirty wire cut illegal proised power needed month,power,local
watr help path light tite,tenure,local
title dran dity blocked plot delayed delayed flood authority drain our action plot,sanitation,local
request dust wire blocked path area road damaged our,road,local
ward affected smell illgal dity authoriy urent path,sanitation,local
ward flod came people flood acton blockd power smell last light,sanitation,local
drain needed many smll power unsafe supply tank comunity,power,local
road road meter pipe unsafe water wire neeed ward ation nobody power,power,local
cut illegal cut requst cut drain monh nobody food,power,local
moring plot request title pipe dity land cut lease,tenure,local
cut month pipe water families mornig supply,water,local
urgent noboy meter path ofice road request sill street,road,local
lease lease street land land title delayed road,tenure,local
flood dust road blocked path nigt path help,road,local
authority path land our action nobody plot damaged,tenure,local
help children meer community still pipe illegal ward,power,local
food pipe people power unsafe affeted area action damaged meter,power,local
athority came came supply watr tap lease families pipe familis mornng tank,water,local
people tap meer metr unsafe illegal promised,power,local
usafe familes children tap area damaged ilegal,water,local
blocked dirty drain smell nobody land dirty ward drain,sanitation,local
broken watr our supply request ward sreet,water,local
still power lght pleae lese power meer powr area smell,power,local
smell blocked diry,sanitation,local
dity water flood please delayed road children our smell fmilies dirty drain old,sanitation,local
tile office land nobody plot plot,tenure,local
morning wase community smell delaed drin,sanitation,local
land families community water title title illegal,tenure,local
land month plot broken land needd illegal street area action please,tenure,local
help many food tank drain sice monh water tap flood supply,water,local
came illeal please again month cut pipe road,water,local
still morning dirty street steet urgnt again,sanitation,local
ward ofice supply tap dran blocked,water,local
street usafe cut street flood still wate dust path afected last children,road,local
urgent familes tap title leae area tap spply delayed land missing usafe,tenure,local
dmaged proised dity cut request,sanitation,local
sell pipe power morning,power,local
old needed request please dity lease last,tenure,local
nght tite missing lease help area monh land mising missig old,tenure,local
plot missing leae missing power since title old since,tenure,local
land pipe action neeed land blcked noboy cut many dust last mising,tenure,local
water since wase affected dirty unsafe illegal land needed cut waste,sanitation,local
urgent wire action delayed office unsafe cut illegal blocked plot powr unsafe,power,local
area land damaged affected dust land,tenure,local
boken supply meter last came boken tank needed tite promised,water,local
ward dust comunity street office pleae please cut,road,local
plot promied broken sreet needed tank snce suply diry,water,local
affected tank tank wire tank broen,water,local
office agin promised smell illegal cut drain drain please,sanitation,local
diry broen road noody nobody dirty needed water water nobody,water,local
again supply illegal tank wire plot ugent supply dirty title many missing,tenure,local
illegal broken still illegal wire affected morning,power,local
water supply path our morning tap ward broken,water,local
month cut watr lease light lase tap waer still ward tap reqest,water,local
drain metr ttle waste nobody light came power metr affected meter dust,power,local
children road plot wire stret plot chilren delayed dust blocked,road,local
flood missing cut nobody pipe brken water ugent broen tap land,water,local
path flood street street night dust request bloced families children dust road drain,road,local
smll community our area dust supply brken cut authority community wter,water,local
dain dirty diry action mrning blocked lese community office metr chilren water plot tank,sanitation,local
reqest road road again wire meter damaged path damaged,road,local
wire request promisd many cut wire people leae dity,power,local
meter land noboy deayed pwer damaged smell again unsae land authority old,tenure,local
tap smell dirty power moring came spply dirty drain supply,water,local
promised title missing meter illegal blocked deayed lease lease still old neded,tenure,local
path authority street promised street drain waste dirty,sanitation,local
blocked mising cut families unsae ugent prmised autority street community families tank,road,local
plese families came damaged title street,road,local
blocked smell wire afected light our water urent water powr dirty,sanitation,local
ward title nobody delayed title title,tenure,local
authorty our cut smell supply wire,power,local
water cut again dity last pople daaged blcked,water,local
affected promised monh missing pipe spply last pipe water,water,local
urgnt old wase plot road,road,local
power light night again last illegal unsafe last wire missing meter,power,local
liht proised waer smell blocked moth water tap many waste,sanitation,local
dain tank pipe cut promised old blocked cut please tap,water,local
drin blocked dirty flod waer bocked dity,sanitation,local
help dirty action water action pipe mornng pipe,water,local
community authoriy old meer pipe wire cut tank lease bloced request,power,local
blcked supply smell suply broken our needed please,water,local
pipe wase power delayed month actin drain dirty broken smell niht supply,sanitation,local
water nobody still children blocked road waste pipe,sanitation,local
blocked since community land lease last plot people dirty old flood,sanitation,local
illegal request illegal unafe smell since help,power,local
ward flood damged sice leae month damaged,road,local
mornig tank waste children again supply proised please broken,water,local
area area meter cut tank wire affected cut power power pipe,power,local
waer wase dirty pipe again children tap blocked waste cut promied,water,local
light area title broken sell help aain land delayed smell,sanitation,local
stret affected power flod please road road blocked street,road,local
area path street peole community wire road dust dran street,road,local
illegal title dust pipe area promised food old path bocked illegal waste missing,tenure,local
flod cut sell bloked affeted pipe suppy flod our,sanitation,local
flood nobody unsafe drain needed unsafe community dirty bloced,sanitation,local
lase illegal please delayed urgent water,water,local
blocked pipe path came ofice urgent road families dust road,road,local
pipe delyed pipe area broken supply peope drty cut moth,water,local
again,water,local
dust blockd damaged affcted land missing authoity,road,local
area unsafe mornng children unsafe families affected,road,local
dust waste last supply delayed path damaged waste,road,local
tank please water came land supply tank urgent last meer needed tank many,water,local
land light delyed tank last road peole tank needed dran title,tenure,local
tap many plot missing water land month land,tenure,local
families broken cut supply help wter our water pease illegal dust road,water,local
ward blcked ward ward waste ward,sanitation,local
please broken nobody reqest wire title,power,local
dain unsafe liht metr request since community,power,local
request road mter affected steet blcked damaged blocked came please,road,local
waer broken since meter smell dust needed smell drain supply bloced,sanitation,local
office office wire ward dust peope power cut urgent metr,power,local
pipe stret delayed nbody tap,water,local
cut path smell plot since path path authorty cut old,road,local
many illeal pipe drty blocked path peope smll,sanitation,local
cut area unsafe ward ttle help meer tank wire damaged authority,power,local
path flood path pipe action unsafe title office,road,local
affected nobody blocked tank children meter street,power,local
people smll water cut tank reqest smell,sanitation,local
street offie smell unsae niht delayed children noody dity,road,local
people needed smll missing,sanitation,local
illegal land light broken drty powr meter ward wire light night still,power,local
metr ward light again delayed request delayed,power,local
street road dust damaged road people street last flood morning authority,road,local
damaged drain tite area tank morning bloked land again path road,tenure,local
dirty smell watr plot title missing,tenure,local
waste water tank broken broken land last our broken,water,local
cut water land actin cut families plot office,tenure,local
delyed illegal power pipe moring sill promised mter light broken,power,local
tap authority water community still morning blocked moning dust pipe waste,water,local
smell lase smell dirty drin rquest sell meer help came,sanitation,local
flood office pleae children tank urgent nobody tank,water,local
cut tap please tank cut plase flood water title affected,water,local
help came damaged illegal,tenure,local
flood dust liht needed peole dran drain drain last meter flood plot dirty,sanitation,local
children plot land again many road land title promised missing,tenure,local
office tank light powr,power,local
water afected tap cut morning again power illegal tank sreet,water,local
water please brokn drain last sill path our blockd office,sanitation,local
diry sell still waste blocked authority cmmunity damagd children flood title,sanitation,local
morning tap ward pople dirty community power suply broken spply,water,local
authority affected action lease plot night plot waste,tenure,local
steet light nigt meter sell wire meter,power,local
damaged dust liht unsafe children dust needed path blocked,road,local
tank familes mssing delayed request people dity illegal lease lease tap,tenure,local
unsfe area snce cmmunity supply illegal again title land old land,tenure,local
drain many dust wire,sanitation,local
light unsafe light dain affected affected power meter pipe road people,power,local
please promised wire bloked authority land lease action night damagd broken mornng,tenure,local
liht waste cut many powr power authority wase metr tite month,power,local
water tank path pipe chilren cut promied water,water,local
power powr power light many wire help,power,local
again unsafe sine light metr peope our power,power,local
meter urgent meter still morning missing wire area power pwer,power,local
unsae street dust lease our affected help area tank,road,local
old broken nght usafe tank moth supply wter cut dirty request,water,local
dmaged supply old tank came supply broen illegal reuest morning morning cut,water,local
meter street plot unsafe acion power flood drain smell wire waste promised,power,local
meter office old land waste waste moring month lease,sanitation,local
damaged illeal area families help came proised,sanitation,local
nobody still urgent meter unsafe broken needed missing,sanitation,local
land blocked families water tap supply affected pipe,water,local
delayd water lese help delayed deayed nobody,tenure,local
tap ligt authority snce ation pipe unsafe diry supply unsafe,water,local
urgent community affected waste pipe dust tap water pipe requet,water,local
month delayed many path meer since dirty area illegal title,tenure,local
wire again meter waste authority help smll our power,sanitation,local
flood office old came flod brokn water promised,sanitation,local
urget ward sill dust authority peope waste power drain waste,sanitation,local
meer meter drain unsafe cut since help,power,local
dlayed wire title office last tile unsae many lease morning land tank,tenure,local
cut authority pipe liht waste neded,water,local
still drain drin came dain neeed old,sanitation,local
cut urgent title power liht,power,local
familes illegal people path cut area light supply path blocked,road,local
title office children plot old flood month cut wire communiy meter powr wter land,power,local
tap water dirty since affected failies,water,local
blocked land dust many please lease dmaged lese community blocked children,road,local
title unsafe delayed lase flood families cut,tenure,local
supply flod cut road supply community,water,local
liht still supply power,road,local
promised damaged spply dirty watr plot plot,water,local
neded community authority blocked brokn blocked street smell flood reuest dain road,road,local
watr still dirty tap dust tap tank lease blocked path,water,local
again wire power affcted tile illegal cut boken,power,local
delayed missing promised path drain path nobody aain,road,local
action afected action road community unsafe path lght meter land damagd ugent,road,local
tank lease old path lease many title please unsafe street help since path,tenure,local
pipe unsafe cut illegl broken night wter blocked request nobody,power,local
flod waste smell authrity children,sanitation,local
bloced unsafe again old old lese old,tenure,local
pipe sreet reqest dust morning ward still damaged smell,road,local
wire meter poer poer affectd dust mter meter promised smell,power,local
wter tite area flod request drain drain blocked help road power diry,sanitation,local
tank blocked help waste dirty comunity ilegal many power commnity came,power,local
authority street authorty wire road,road,local
meter night urget path liht meter meter last promised,power,local
request dust brken supply urent morning still ward afected,power,local
moring sreet path dust old dust damaged cut children people,road,local
damagd road wire community area illegal affectd last,power,local
drain action dirty came our dust deayed needed waste,sanitation,local
mnth illegal needed illegal office meer last comunity power,tenure,local
broken waer light brken please broken brken wste blocked,water,local
title lease lease tank people request wste broken,tenure,local
monh damaged title tank damaged affected peole damaged affeted,road,local
steet ward requst cut broken old since brken power,power,local
tite our plot ation night nobody ward tank land,tenure,local
waste nobody drain damaged bocked smell stll famlies help dirty,sanitation,local
road land acton land flood land flood lease dust mising,tenure,local
dust action supply morning street flood pipe,water,local
wter pipe pipe dain action many supply cut,water,local
light wire boken please wire wire last,power,local
morning dust blocked path broen road children street help,road,local
authority offce bloced smell dirty urget,sanitation,local
last help path bloked path path smel,road,local
dirty tank road still tank blocked office since urgent drain sice broken food,sanitation,local
community affectd broken dirty,sanitation,local
drain broen brken request flod nobody office,sanitation,local
children broken last blocked tank spply community land many spply,water,local
meter plot metr families pwer meter wire authoriy water requst road,power,local
help our families broken area lease tap,water,local
please dust wire unsafe stret tap tap authority flood delayed street,road,local
path delaed families ward,tenure,local
tank land steet people path children,road,local
missing bocked leae waste blcked,sanitation,local
unsafe road delayed wase waste missing night,sanitation,local
tap mnth office night water broken flod power land supply,water,local
title plot came path affected illegl land ward dust reqest,tenure,local
last dust please dust authority road dust damged street authority area damaged needd,road,local
ward land please actin again wire brken light request,power,local
supply water light tap suply tap,water,local
missing land smell morning pleae plot lght,tenure,local
our request mssing pipe tank area pipe cut,water,local
delayed lase blocked still title office title,tenure,local
cut urgent waer broken cut suppy ward dust broken,water,local
supply waste water area waste our brken meter nobdy stll,sanitation,local
rquest area stret waste drain waste,sanitation,local
land meter acton month land plot broken illegal affected,tenure,local
water land dust land bloced many dirty affeted our,sanitation,local
broken dirty flood again pipe food monh wste many,sanitation,local
water flod dirty broken again supply broken wter,water,local
mornng dmaged flood damaged office suppy lease blocked needed street came,road,local
old night again blocked actin blocked light community waste still,sanitation,local
drin waste blocked people drain bloced famlies since,sanitation,local
our people old pipe agan,tenure,local
help cut meter illegal drain damaged power request blockd snce cut,power,local
afected smell dain smell smell old promised smell,sanitation,local
night street morning stret our our children office usafe delayd tile,road,local
dmaged many road action night old many unsafe missing unafe path,road,local
help help smell path road flood affected old road broken,road,local
dust unsafe cut street blocked blocked street families,road,local
broken old night land nobody light plot power power land,power,local
land plot authority aain delaed affected delayed,tenure,local
blocked dirty path sreet dust our last many road office nobody,road,local
ward damaged food dust people dust request dust mornng damaed drty,road,local
waste road urgent poer food came light needd land blocked missing urgent,sanitation,local
wste office came road people damaed damaged,road,local
plase road water tank tap nobody wire ofice,water,local
pipe month old wire request night mter cut,tenure,local
missing title plot delayed illegal needed,tenure,local
request office authority office old children supply tank,water,local
pipe tank children nobody request supply pipe light needed waer smell,water,local
night dirty affected came missing unsafe children daaged wire,power,local
tank cut wire tap since cut people dran night came,water,local
nobody pipe cut last pipe request office nobody flood road authority,water,local
plot spply delayed missing street pipe families help,tenure,local
meter usafe many children waste drin cut mter,power,local
pipe night cut illegal promised tank cut tap again,water,local
needed tap affected supply pipe supply please pipe powr stret please missing,water,local
last pipe damaed help urgent cut damaged,water,local
dust morning water cut request office people ward smell powr unsafe tank,road,local
dust damaged suppy unafe action water path action missing bloked cut tap area,road,local
urgent delyed lease drain nobody community monh lease dust illegal,tenure,local
drty please meter damaged wate flod drain wste,sanitation,local
area many dust street damged meter dirty path,road,local
please light office wire last tank dust offce wire poer,power,local
power delayed meter promised action,power,local
since power pomised morning plase month road pwer area street,road,local
many peple wire many meer wire waste illegal,power,local
road missing illegal broken community old missing authority road affected,tenure,local
last help power smell damaged urgent power community request power pomised brken,power,local
nobody meter land needed land office help water,tenure,local
water tap mornig promsed dirty cut path morning,water,local
help missing unsafe dust pleae path dust last,road,local
lght lght supply pleae unsafe community illegal help,water,local
pwer damaged unsafe pipe wire unsafe dirty broken pipe promised powr,power,local
flood action blocked urgent many dust wire damaged nobody,road,local
nbody affected power plot promised our land plot street community,tenure,local
area needed nbody sell land drain wter,sanitation,local
blocked month needed commuity dust land tank ward,tenure,local
help again water dity night stil urgent mrning liht,water,local
power needed urent authority plot ttle broken,tenure,local
metr light land area affected broken again authority,power,local
missing lease action again land urgent delayed delayed action cut path,tenure,local
pipe help water urgnt supply spply smll ward pipe water ligt,water,local
ward street street last ward urgent missing path blocked since,road,local
drain light drain area dirty broken request waste delayd children,sanitation,local
damaged wate dlayed brokn bocked office authority blocked,sanitation,local
plot leae wter smll authority children illegal blocked mising flood land land,tenure,local
dirty cut delayed ward drin drty chilren waste families pipe,sanitation,local
pipe tank ofice since area cut office,water,local
help stret delayd niht smell actin leae affected damaged dirty lease land,tenure,local
since drain promised broken street path sell drain blocked,sanitation,local
month water land still area road path community dity drain drain needed delaed drty,sanitation,local
drty needed reqest illegal title flood,sanitation,local
stret water our drain dirty dust mrning,sanitation,local
wste cut still wste office many power waste drain wate,sanitation,local
again street ilegal smell diry delayed dirty families suply snce,sanitation,local
light waste promied proised cut came smell office broken children unsafe food,power,local
drain office title supply nobody requet land land unsafe promised suppy promised delayed title authority broken land bloked,tenure,local
smell path drin flood ward help dust light again office blocked,sanitation,local
dust broken meter bloced power damaged dust,road,local
plot families title drain leae urgent,tenure,local
flood tap waer pipe dirty pipe sill,water,local
urgent light dirty unsafe month waste bocked damaged night,sanitation,local
supply familis dirty suply lease agan snce flood road,water,local
needed flood smell dirty smll waste water,sanitation,local
still month blocked request title supply help,water,local
title land title wate cut morning tank smel land old delayed,tenure,local
pipe wter ttle aain authority many flood tank tank,water,local
plot blocked smell waste cut street people unsafe please water,sanitation,local
wire power illegal still powr ward help unsafe nobody,power,local
title reuest families smell illegal bloced reqest needed waste noboy flood,sanitation,local
power blockd water dity cut community illegal power,power,local
ward light request acton illegal damaged children illegal brken,power,local
waste wste water land came stll street road,road,local
title pipe children authority tank drin month our bloced cut,water,local
land supply area supply land plot still,tenure,local
old unsafe needed wire dirty land,tenure,local
old please dity water smell morning urgent,sanitation,local
came street dust cmmunity,road,local
tap flod meter dust tap night ofice damaged unsae needed tank,power,local
illegal missing plot fmilies ilegal nght,tenure,local
cut urgent supply water morning office land water,water,local
children urgent title illegal authority waste old nobody,tenure,local
meter damged blocked nght aain old unsfe children pipe pople,power,local
watr street tank affected suply broken urgent came,water,local
supply water lease authority authority help flood families smell,sanitation,local
authority broken street our community unsafe ofice actin drain path street path blocked,road,local
action wire damaed cut wire ward broken,power,local
dust request please pipe road unafe affected office street unsafe wter dust,road,local
please last ilegal commuity food dust flood land,road,local
monh dust poer light smll community month aain wase cut,power,local
our night stret road damaged since path pipe smell help,road,local
road commuity snce light old meter waste acton flood,sanitation,local
commuity help stret waste many urgent tap meter,water,local
wire flood needed unsafe ofice needed,power,local
cut meter morning since power light broken action cut powr broken,power,local
help illegal people light again missig community stil cut land help,tenure,local
drain waste drain promised suply niht office drin dain road,sanitation,local
nobody tank authority light again broken smel morning,sanitation,local
path damaged flood area path our road affected wire nobody community unsafe,road,local
affected title again water drain please communty tap cut please,water,local
illegl missing night land sice damagd old,tenure,local
urget wase stil supply flood waste last affected authority land drain,sanitation,local
broken promised wire power dust blocked dust meter cut our,power,local
again blocked path street path street,road,local
water illegal action nbody mnth nobody flood,road,local
our waste lease unsae illegal pipe supply blcked morning,sanitation,local
illegal unsafe road last illegal smel request waste,power,local
delayed old old blockd road blocked action still street night flood night,road,local
urgent pipe lease illeal street pipe illegal cut authority stll power,power,local
still area drain unsafe dlayed,sanitation,local
water pipe broken supply again families tank still supply missing cut old,water,local
road flood dran morning pipe missing road,road,local
ttle still plot ttle supply lease missing commuity,tenure,local
meter meter wire missng moth illegal ttle,power,local
people community our supply community dirty unsfe waer plot unsafe authority old water office,water,local
please drain drain water drain drain broken blockd,sanitation,local
land dust cildren dust liht dran water,tenure,local
nobody sill reuest request request blocked,tenure,local
bloked help blocked damaged wire cut affected dust delayed tank,road,local
area please land blocked niht drain flod,sanitation,local
many ward still drain area broken street,sanitation,local
broken promised light meter meer plot,power,local
many famlies smell tap meer tank supply,water,local
powr meter power cut office plase wire flood promised dust powr power,power,local
area promised old missing old plot came help lese people flood,tenure,local
community street came supply fmilies path last,road,local
wire drty plot office path broken waste again community,power,local
morning cut waste old offce reuest path cut,power,local
spply watr still help wire pipe cut cut cut ttle promised urent lease,water,local
tank broken spply tank pipe morning,water,local
flod ilegal power reqest land request unsafe,power,local
water snce daaged help dirty communiy affected,water,local
pomised tite land help promisd old smel light missig last commnity,tenure,local
land wire office cut street tite flood,road,local
street meter communty ward dust damaged,road,local
broken request flood illegal please illegal lase people,tenure,local
path waste wste light request waste,sanitation,local
office wire came promisd missing road damaged,road,local
damaged path dust still drain,road,local
affected illegal plot dirty families ttle plot title land water tile,tenure,local
drain agan nigt promised illegal ward suply drty cut sreet,water,local
meter old request since nobody ward,water,local
nbody meter drty bocked flod bloked water,sanitation,local
water supply dust help supply waer area plese meter,water,local
flood area plot tank still drain peole missig lease title land,tenure,local
suppy affectd noboy dust tank pipe watr waste our dust water,water,local
please community flood power power broken cut dirty,power,local
title land land ilegal broken ward plot unsafe,tenure,local
cut cut authority tank our dity affected community flood,power,local
stret path broken road ation affected broken since families dust,road,local
dust affeted please plot damaged road help,road,local
night autority boken wire street supply tank,power,local
dlayed dirty agan title land title nobody dlayed,tenure,local
area cut ofice blocked wire wire power missig affected dust month meter land,power,local
mrning water delayed dust flood light famiies wire meter needed,power,local
missing drain delayed illegal waste bloked,sanitation,local
dust action damaged prmised land missing dmaged community road road our since dust,road,local
power light light metr mising wire again last meter help,power,local
month old cut meter dmaged damaged office power,power,local
pipe old drain suply broken tap since tap people pipe nbody,water,local
ilegal broken watr flod night water pipe missing wter wire steet,water,local
ward ward title niht title drin again dain drain,sanitation,local
land illegal ward missing people sine cut night ligt,tenure,local
tite offie land suply still old again deayed illegal,tenure,local
flod broken affected afected flod sell since nobody light broken,sanitation,local
area metr missing path daaged,road,local
our missng meter broken power blocked meter power fmilies pipe road people meter since,power,local
people mnth urget smell pople office ward,sanitation,local
wire came cut meer our waste damaed urgent,power,local
people many affected missing affected title lease authority ward unsafe,tenure,local
missing path dust street ward action blocked requst office plot flood,road,local
waste acion dirty blocked water stll help,water,local
supply many still light water pease boken,water,local
area help path morning children pleae dust dust,road,local
night cut light ward pwer people meter,power,local
people road road area blocked missing path street,road,local
sill dust land plot authority ttle,tenure,local
dust area our flood blocked area wire help water,road,local
promied month road dmaged sreet road nobody dust urget street tank,road,local
unsafe affected illegal pleae still unsafe water,power,local
cut power land please ofice authoriy cut powr promsed nobody please,power,local
spply cut plot needed plot dust plot water,water,local
still smll drain ward plot wase smll food missing,sanitation,local
damaged tap urgent tank still children area cut diry ofice path dust,water,local
affected help cut night cut power authority road flood,road,local
families our missing promised cut nigt neeed tap brokn many,water,local
monh power blocked missing land came supply power poer,power,local
liht since chldren damaged dirty water commuity waste damaged bloked dran,sanitation,local
smell sice ward affected sell illegal water cut office path dran dust last,road,local
request affected noboy pwer lease power brokn blcked unsafe old light road wire waste,power,local
dity drain cut drain neded waste pipe dran needd dirty afected title,sanitation,local
wase urgent dirty road people tank flood ward,sanitation,local
supply road water path action ward morning our dust path area,road,local
still dirty dust damaged dain area damagd pleae road sill office damaged path flood street,road,local
community dirty tank lase cut light tank cildren promised plot cut tank tank,water,local
diry dust drain smell last area food waste,sanitation,local
drain waste street last action dust plot dirty night,sanitation,local
promised requst cut food flod familis blocked,sanitation,local
old our dust lease affeted wire lease last cmmunity neeed,tenure,local
light power wire still wire many drain light since water,power,local
land area broken moring families land broken,tenure,local
dirty needd water meter cut since affected,power,local
still wste mornng ligt flood needed drain cut tite,sanitation,local
drain our lease meter flood smell again dirty illegal urgent,sanitation,local
our tank pipe many plot tap flod dirty street supply needed,water,local
promisd waste path dust road community flood,road,local
broken plot title cut ation plot lease brokn illegal land,tenure,local
wire nobody pipe authority flood road path promised damaed month,road,local
plot stret many damaged tank area spply month,road,local
damaged many tap nobody smell tap community tap morning tank,water,local
urgent flod dirty wste since action tile land,sanitation,local
pipe our dirty tap illegal help area nobody stret tap,water,local
waste nobody blocked plot road again bloced many our flood road,road,local
light came land illegal came ttle needed plot,tenure,local
flood unsafe families path power street unsfe ward morning old,power,local
month pwer drain agan supply wire,power,local
flod familes delayed nobody meter month wire affected,power,local
road affected meter area needed road damaged path,road,local
blocked broken again dirty road morning title drain food moring,sanitation,local
light power meter our promisd since cut wire urgent wire missig community,power,local
title request people light land ilegal tite ward since lease,tenure,local
many tank people flod supply missing requet wter damaged,water,local
smell delayed broken area pipe office drain water missing,water,local
dust dirty road authority ward affected action path unsafe smell,road,local
suppy supply supply supply blocked people our suppy,water,local
plot supply childen ugent tap tap water pomised tank since,water,local
still our needed smell flood power affected liht tank leae wire,power,local
power blocked wire meter area cut,power,local
mter since broen smell broken request supply many cut,power,local
area plot night ofice illegal missing again tile dirty,tenure,local
water water again request supply many cut,water,local
cut urgent power powr wire poer again broken power,power,local
blocked water reqest dirty area came waste broken,sanitation,local
path chldren office blcked actin people sreet street title metr,road,local
many people lease nobody plot title missing tank again,tenure,local
community waste night damaged damaged dust stret illegal,road,local
authoity road lease blocked plot authority food sice sreet,road,local
came meter dmaged poer peple meter meter broken came illegal,power,local
mornig illegal water area morning authority dirty light people,water,local
stll nobody wire illegal meter again wire sill community since cut,power,local
tank waer mornng water drty smell our help dain smell request blockd broken drain,sanitation,local
damagd steet tile food land wire drain since waste reuest broen old morning,sanitation,local
smell stret pipe many path affected affected blocked path nobody stll unsafe,road,local
sreet action metr path liht water,road,local
steet area light pwer missing affectd illegal,power,local
authority pwer ward road ilegal road sill road damged urget light,road,local
land affeted wire action morning illegal our,power,local
ward action people street pwer office plot needed plot,tenure,local
meter children night street action cut wase light,power,local
children water office office broken promised smell children land tap water supply,water,local
cut flod water broken broen supply still acton plot affected tap power,water,local
unsafe people promised old tap promised pipe pipe,water,local
please cut lease month illegl delayed land cut families agin nigt,power,local
dirty missing agin diry ward neeed drin waste,sanitation,local
wate morning needd dust famiies drain broken tank,water,local
power light illegal illegal request help light last smell pipe ilegal since office,power,local
tap waer urgent tank delyed brken dirty cut people drty tank,water,local
still missing damaged morning delyed athority,water,local
poer missing wire wire wire night road cut meter,power,local
action dust urgent pople dust unsafe power bocked unafe,road,local
action still needed cut reqest street,road,local
supply spply unsafe proised damaged moning flood ward flood pipe ofice,road,local
plase dust community people illegal water power month poer,power,local
people broken road waste land spply acion people smell drain please,sanitation,local
wire came dran pipe dust affeced wire power please,power,local
title leae urgent tank title supply dirty land broken acion,water,local
plot came many cut land smel actin smell,tenure,local
nbody moth road dust broken tank our street mornig drain came,road,local
plase street road street families came street road flood affected,road,local
ward pwer old many drain drain ward,sanitation,local
flood mssing smll authority last communty sell flood,sanitation,local
power tank broken community help supply lease pipe morning,water,local
drty broken office action wire broken sice still wire,power,local
damaged ward ward old unafe street drain,road,local
many plot mter promised water lease lease tank illegal water,water,local
boken land tank supply dust road smell,water,local
road unsafe please requet street bloked steet help help affected,road,local
water meter wste blocked still dirty missing families many,sanitation,local
morning dran tank ugent pipe since communiy dust road,road,local
people families plot sice old autority delayed needed cut,tenure,local
damagd meter communty urent needed powr tank dust broken,power,local
road niht ward dust area last,road,local
broken last cut office path needed moring,water,local
nobody nobody cut blocked road last flood illegal,road,local
land title affected waste help morning blcked,sanitation,local
promised broken smell supply deayed broken month month needed,water,local
blocked wter dust damagd last needed plase,road,local
ttle land delayed help mising pipe still chldren lease still street,tenure,local
wter supply supply peope supply nobody noboy daaged,water,local
request supply water cut broken,water,local
diry rquest children sine waste tank,water,local
neded moning children help morning light wire still old,power,local
dirty night tap pipe people flood cut,water,local
wire needed dirty title diry drty last nigt promisd please drain,sanitation,local
water unsafe tap waer pipe nobody unsafe,water,local
drain broken nobody reqest road people,road,local
ilegal bloced land land help auhority dlayed plot illegal night,tenure,local
ward community tite meer lease poer title people,tenure,local
unsafe missing road people please,road,local
missing many affected dust water,road,local
smell cut dirty lease unsafe please area supply road damaged neded road,road,local
waste tank ward night tank waste blocked land broken smell suply,water,local
poer smell wire help plot our month wire month land,power,local
community plot pleae sreet wire damaged cut stret,power,local
since plot area children pipe watr tank,water,local
road again land affected street children missing month,tenure,local
people people night plot lease cut children,power,local
land broken morning missing supply water road again still last came morning,tenure,local
promsed dran power still plot morning smell delayed flood illegal please drain,sanitation,local
cut meter our wste wase please wire cut sill land,power,local
dust damaged blocked wate pomised blocked,road,local
pipe pipe water plot authority nobody pipe watr community tank title,water,local
meter pipe help pease missing,power,local
help since waste water waste authority,water,local
area moth missing ward area light lght peple daaged wire,power,local
light bocked cut broken many needed proised mornng damaged,power,local
wire office power sreet cut month water came office boken,power,local
month delayed waer supply pipe snce tank supply diry damaged,water,local
liht still power people wire sice waste,power,local
suply supply morning aain childrn broken pipe smell please unsafe water,water,local
illegl path plot meter path pease office missing deayed title,tenure,local
waste blocked steet chilren old old flod our,sanitation,local
dust blocked still wire power metr power dust unsafe,power,local
wire street street again path path agin missing old street steet,road,local
ward old cut morning promised month dirty flood tank,water,local
meter illeal ilegal help many flood smell since blocked please neeed dirty,sanitation,local
missing road tite office lease ation our needed,tenure,local
authority again road leae blocked brokn,road,local
dust ilegal pipe plot waer help,tenure,local
street office food area pipe community dirty dust mnth authority street road,road,local
cut still lease families dain cut damaged plot street,road,local
dirty supply children mornng dirty brokn smll broken unsafe water dirty,sanitation,local
path office illegal road waste damged urget help sine sreet dirty,road,local
mssing waste illegal dain road blocked night smell path pople,tenure,local
plot stll broken street path drty path daaged last,road,local
since last blocked request sreet path sell supply,road,local
water area action wire cut aain night broken light diry metr,power,local
ward requet meter road flood road promised stret street office dust,road,local
pwer affeted comunity tank our since water,power,local
people road morning flood road noody path daaged damaged,road,local
many urgent street promised missing stret street street,road,local
again powr office missing missing power many broken lese,power,local
help boken familis agin urgent cut pipe urgent unsafe help unsafe supply,water,local
office missing morning request missing sill cut road,tenure,local
dran last people smell pipe waste action plot smel request,sanitation,local
many our damged old title help dust,tenure,local
still land cut people meter pwer dain affectd promised,power,local
last authority dirty familis wter lease water flood illegal dirty pipe monh old,sanitation,local
night help action supply flood again diry dirty affected,sanitation,local
road path drain our illgal affeted please failies flood,sanitation,local
cut missing since many wire road bloked families wire,power,local
dust road urent many,road,local
morning wire area land meter month again lease,tenure,local
plot our drain office still night lease ilegal,tenure,local
light ward morning smel unsafe ation plot area old,tenure,local
chilren community water flood dust nobody,road,local
still meter wire urgent wire stil land,power,local
light broken water meter community help needed supply light night,power,local
supply wire water cut mnth authority cut ward moth tap,water,local
help sice water path request broen missing reqest broken please,sanitation,local
road cut our road path dust many blocked street dust damagd cut,road,local
help waste help flood our pipe nobody last smell illegal drain,sanitation,local
promised missing tank missing plot requst land dirty affeced broen,tenure,local
cut cut many came blocked tank meter,power,local
nobody missing please came ward,tenure,local
wire cut nobody blockd office wire broken wire water help,power,local
drain broken comunity power children smell smell blocked our,sanitation,local
drain meter wire cut plot damaged cut community boken children,power,local
request morning dirty last broken ward peple path smell,sanitation,local
metr illgal pwer wire tank authority mter path,power,local
promised flood unafe action path old came dirty nobody,road,local
smell promised blocked damaged dain old damaged plot,sanitation,local
again promised action path ligt,power,local
failies again broken please needed tank broen delayd people water help,water,local
land night lease supply power leae area lease land,tenure,local
ward still power many people flood since unsafe tank light again brken,power,local
old please pipe title land needed month land,tenure,local
unsfe lase please plot road cut,road,local
affected tile request plot failies promised dust dust authority,road,local
affected dust noboy brokn waste land light usafe,power,local
supply morning supply help dirty again water community night wire blcked illegal dust,power,local
