text,label,lang
last dirty road tank tap area water morning drain affected action water supply blocked,water,en
meter street people drain old illegal month land lease many authority unsafe,tenure,en
our illegal help cut title tank urgent needed plot power delayed water unsafe,tenure,en
supply dirty cut dirty light waste children power ward still power waste,sanitation,en
request drain since action area unsafe unsafe water path tank flood waste light still still delayed,sanitation,en
supply action many supply cut light action since tank supply water cut cut meter affected office,water,en
dirty cut cut area still please supply broken affected meter request meter meter,power,en
title drain dirty cut delayed again blocked came light urgent affected last flood,sanitation,en
authority cut light again meter smell community came path office light request dirty supply power,power,en
broken pipe wire drain people cut nobody blocked office lease flood tank water,power,en
supply dirty tap tank urgent drain supply month cut families blocked cut light came,water,en
affected illegal title people street office lease night land people cut lease cut,tenure,en
supply power water urgent needed cut again wire illegal community power please wire unsafe many,power,en
blocked waste action unsafe delayed urgent flood our month needed flood please,sanitation,en
ward supply land broken action authority cut last action tap unsafe supply tank,water,en
damaged blocked wire unsafe needed help action dust,road,en
our nobody promised damaged road came meter street smell dust please,road,en
pipe needed tank still came dirty night our street missing damaged tank supply,water,en
families unsafe since meter old light please affected unsafe unsafe illegal month wire,power,en
drain water water area community tap needed water meter meter since cut urgent pipe tap meter our,water,en
wire illegal power lease lease people families authority plot old title flood delayed,tenure,en
plot came illegal smell area promised unsafe people affected meter illegal,power,en
tap pipe pipe delayed our urgent again wire nobody street many water supply month,water,en
promised flood smell street path plot again help flood road request many,road,en
illegal wire delayed illegal missing title came came cut power please delayed,power,en
water supply pipe broken damaged meter since morning supply dust pipe our,water,en
needed smell water lease authority wire blocked blocked night path still morning,sanitation,en
power illegal area flood please light ward cut lease our damaged wire meter action night,power,en
request ward last unsafe damaged plot missing land plot plot affected since,tenure,en
light path affected request wire still cut dust road request lease meter road road,road,en
missing tank again plot promised land supply community our month plot delayed,tenure,en
our area morning cut path damaged meter promised our road dust night street unsafe blocked,road,en
plot community plot lease missing tank came old old illegal people,tenure,en
tank blocked tap morning waste cut water since power ward dirty help,water,en
help needed land land lease area land families month plot unsafe plot office,tenure,en
urgent delayed urgent unsafe affected path please since broken plot came water flood smell,sanitation,en
unsafe dust waste cut wire delayed waste wire still many promised wire since light,power,en
dust path still old tank cut missing affected last supply tap cut tank street our,water,en
illegal land illegal dirty affected plot old office office still,tenure,en
flood water area road again water our action road families road road road power title,road,en
lease cut pipe community still children children illegal still lease land please supply broken,tenure,en
illegal community promised flood again blocked street tank supply road help blocked,road,en
delayed land last light please ward authority old pipe children land,tenure,en
office dust waste unsafe road road blocked blocked path request last,road,en
families wire tap street smell action promised water request water land cut pipe tank ward families street,water,en
cut authority supply tank pipe broken unsafe broken water needed missing flood path ward water,water,en
damaged dust street since blocked damaged road children smell many light,road,en
lease smell waste delayed waste title since authority nobody delayed plot,tenure,en
area community missing help last wire title illegal cut again drain tank plot,tenure,en
morning broken pipe tank path office water power since please water please water dirty power,water,en
street unsafe request morning affected pipe dirty unsafe again road waste night road,road,en
path water cut promised nobody wire pipe community cut water lease people action,water,en
land illegal families action nobody cut help delayed dirty month delayed old illegal road dust,tenure,en
since still broken dust light cut tap flood cut again supply dirty land,water,en
broken please road path road street families land ward street road,road,en
cut blocked tank tap children damaged came pipe came cut land affected water water supply since,water,en
lease dirty tank needed children last drain tap pipe,water,en
missing land community please land tank old old again again plot delayed,tenure,en
tap month still meter office meter since water pipe office street,water,en
night wire broken road wire urgent tank street people morning our tap drain pipe needed supply,water,en
pipe please nobody lease drain request plot land illegal needed land morning old,tenure,en
dust children office help title area since road street blocked old,road,en
land month still people cut illegal missing request affected families lease power dirty,tenure,en
water our water water still damaged month tap water water path unsafe needed morning,water,en
power illegal action people urgent water supply waste cut road dirty tank office request morning,sanitation,en
waste morning flood dust dirty request old ward waste dirty month came morning,sanitation,en
smell still since supply pipe last area supply pipe help office,water,en
street dust plot month road children dust ward wire since road,road,en
children unsafe community month area delayed plot light cut month,power,en
authority community blocked morning smell drain dirty waste power path dirty flood,sanitation,en
water old since land urgent blocked plot help old illegal drain lease title plot cut blocked,tenure,en
area dirty waste dirty dirty drain children night children cut,sanitation,en
morning last water morning power tank missing many please plot land flood lease land many,tenure,en
since authority old street path people wire area month path,road,en
waste promised illegal wire illegal water urgent still please unsafe damaged cut cut meter flood,power,en
tank request tap blocked water pipe families tap affected pipe action please tank path smell,water,en
power unsafe people title water office light missing supply meter meter community,power,en
wire came tank families meter unsafe families supply promised cut,power,en
road again dirty dust morning wire lease wire land dust urgent dust people street water came street,road,en
missing wire children waste dust promised tap cut dirty broken supply broken dirty urgent,water,en
road power wire needed power cut tap help tank drain meter night,power,en
tank water cut unsafe please please cut delayed broken meter pipe wire authority families needed,power,en
flood waste missing our waste action drain waste authority waste flood affected since,sanitation,en
cut again came our water supply unsafe request supply supply still water promised dirty,water,en
unsafe blocked again wire tank dirty broken many blocked families power ward waste illegal meter month,power,en
pipe action water people broken water supply illegal people light broken families drain lease light illegal needed,water,en
cut our tank needed supply tank cut tank cut please,water,en
illegal dirty people power office street nobody needed area road dirty path drain drain,sanitation,en
illegal help again flood waste authority path street street path path,road,en
since still street nobody plot street street month plot month road community cut,road,en
street please since pipe wire road flood help ward waste unsafe area nobody,road,en
title request title title lease flood missing last action ward land old damaged,tenure,en
nobody came dust request old dirty wire road flood dirty drain community our promised,sanitation,en
drain illegal came dirty land missing needed office lease land,tenure,en
cut street morning community water tank damaged wire land blocked damaged illegal came path urgent damaged,road,en
night again path came waste land our nobody blocked month blocked,sanitation,en
last blocked illegal authority water land month meter title last request flood broken,tenure,en
broken nobody light people nobody dirty morning light path supply pipe,water,en
night drain people area drain help our old tap action flood dirty dirty,sanitation,en
waste flood our waste smell ward many drain office needed since waste dirty,sanitation,en
month office old lease damaged children old plot missing office drain,tenure,en
light missing morning nobody road again land request path land nobody delayed damaged lease,tenure,en
street again many flood blocked dirty still path road dust dust,road,en
waste dirty path our waste wire light night drain night flood wire morning waste,sanitation,en
title authority damaged street people ward promised street tank meter,road,en
came water dust action cut affected still water power broken,water,en
authority street help damaged flood road title children broken damaged action dust smell,road,en
month since office blocked blocked since drain meter wire blocked supply nobody,sanitation,en
action needed meter affected waste waste affected action broken broken flood broken waste,sanitation,en
power nobody month water broken area dust cut wire power light,power,en
street street water unsafe flood street night road help lease missing families,road,en
since people unsafe last blocked blocked cut area damaged path children action,road,en
illegal meter broken dirty blocked nobody pipe nobody wire came tank water ward,water,en
supply cut request illegal needed blocked unsafe affected title broken,power,en
dirty still broken water unsafe illegal affected water ward month dust power many meter,power,en
illegal our last still delayed promised unsafe illegal plot children title plot damaged,tenure,en
our street help light last road waste needed blocked unsafe road smell road road,road,en
children waste illegal smell land action illegal old broken illegal since dirty drain dirty area,sanitation,en
children supply request missing missing broken request morning tap month please pipe supply dirty,water,en
broken affected affected lease title path came land morning month land delayed old plot,tenure,en
area waste blocked smell again road water dirty old please,sanitation,en
dirty waste smell families many smell smell water blocked many damaged,sanitation,en
road urgent action street dust broken road dust our path,road,en
meter blocked power power dust unsafe office morning many delayed action road urgent,road,en
cut tap waste month tap morning tap again cut damaged request cut,water,en
flood water water light month dirty request smell drain last flood ward drain children unsafe flood help drain,sanitation,en
dirty lease missing power community street lease community title lease affected,tenure,en
street damaged our road tank community unsafe road area blocked street plot pipe help community,road,en
month supply area damaged pipe lease land office land title still missing nobody urgent,tenure,en
land unsafe smell community office plot help pipe land land title children flood old action,tenure,en
request pipe lease pipe water smell broken supply people came since drain broken water supply urgent,water,en
plot people meter smell help land plot our missing plot street needed plot old,tenure,en
our wire cut pipe supply illegal supply please children blocked tap wire affected people supply,water,en
meter office meter light tank unsafe nobody community tank request urgent wire wire power broken,power,en
families smell promised many land blocked street blocked old street blocked dust title,road,en
community children flood road promised power smell request smell water flood path,sanitation,en
land waste since action waste path supply since blocked delayed dirty waste,sanitation,en
community came drain dirty broken affected blocked missing came urgent cut our delayed meter,sanitation,en
night blocked unsafe waste illegal smell our blocked title dirty action dust still,sanitation,en
old help path title blocked drain illegal morning flood street road many drain,sanitation,en
still families plot urgent dust please street affected lease meter nobody street dust illegal,road,en
last dust path street road damaged dust ward many blocked,road,en
unsafe road supply tap help broken help tank tap power tap please tank month flood,water,en
children came lease dust missing lease land missing plot title nobody damaged,tenure,en
morning path dust path unsafe nobody power needed old since promised,road,en
tap title came illegal meter meter month area water tap supply missing many cut please people water,water,en
last children missing blocked meter title delayed many nobody plot plot our,tenure,en
families cut night cut waste pipe water blocked promised our,water,en
wire supply delayed broken tank delayed last broken action dirty came,water,en
families waste dirty drain please unsafe flood ward broken pipe our dirty,sanitation,en
ward urgent supply pipe broken please land tap still affected broken people supply,water,en
cut supply action cut wire office night wire many community broken,power,en
urgent water night dirty flood flood drain waste broken meter again,sanitation,en
illegal unsafe title lease title old path lease needed ward still delayed office,tenure,en
affected unsafe title wire authority dirty still meter morning land power light,power,en
wire old meter needed dust old power last meter meter light waste people,power,en
smell waste broken nobody families damaged drain area ward needed flood dirty blocked request drain,sanitation,en
tank flood dirty title pipe action supply area pipe our tank pipe,water,en
needed street again month dirty families lease families street road flood dust,road,en
drain power meter illegal dust help power meter power ward urgent meter,power,en
our road children action supply road area power blocked tank street lease,road,en
title area tap land land urgent street authority land damaged title plot tank many,tenure,en
missing tank plot blocked land urgent came street community land dust plot lease land needed,tenure,en
supply title promised meter missing water nobody land meter plot office ward power help night,tenure,en
dust path dust last children waste path help water path night street road path,road,en
month dirty wire authority unsafe illegal morning illegal cut please light power please missing cut,power,en
delayed meter power nobody community promised morning title old delayed morning,tenure,en
street street our power path flood urgent light road request title,road,en
path unsafe blocked our path blocked road cut nobody water dirty people authority,road,en
drain families drain flood affected blocked flood our waste broken old broken,sanitation,en
dust pipe pipe street children area smell smell affected came blocked,sanitation,en
request area nobody supply drain since month damaged old promised blocked drain lease flood smell illegal,sanitation,en
blocked authority waste came path month morning came flood damaged unsafe many smell,sanitation,en
street wire cut came ward damaged power office street request meter meter nobody smell,power,en
illegal lease action waste power water morning community light meter cut nobody needed illegal please dust,power,en
water nobody night pipe path smell water promised supply help community tank,water,en
help area old office water night pipe water lease morning dirty,water,en
illegal morning water lease promised tap supply many water old nobody tap people damaged street,water,en
water street cut missing month pipe land families please pipe,water,en
delayed last land dirty again damaged illegal illegal since title meter lease since dirty please lease waste,tenure,en
water office illegal water since supply cut still unsafe,water,en
meter smell community power request dust light children illegal,power,en
still dirty land wire community delayed title broken drain ward month unsafe authority plot still old,tenure,en
land land needed people missing light land ward urgent,tenure,en
meter cut illegal children area power illegal promised flood plot light community illegal nobody broken,power,en
old path ward dirty delayed nobody area tank pipe affected night cut many,water,en
flood waste drain tank supply still waste cut still affected blocked last water,sanitation,en
authority missing delayed pipe since authority promised help title missing drain,tenure,en
path delayed title power month many children land affected night plot power pipe,tenure,en
community waste dirty people meter nobody promised water blocked still old dirty,sanitation,en
affected again drain supply pipe many ward tap last drain water,water,en
affected cut dust dust nobody flood unsafe area blocked affected power road path path,road,en
power came blocked dust meter lease unsafe flood nobody children pipe flood,sanitation,en
urgent road meter morning flood light many cut morning wire action help cut meter,power,en
dust title road blocked flood title nobody needed office road unsafe tank,road,en
dirty night people dirty supply water dirty water tap smell area our unsafe,water,en
pipe land waste tank cut authority help illegal people illegal still urgent affected dirty land title,tenure,en
light tank title area land needed lease missing authority title still,tenure,en
flood broken help power path action many our action supply flood flood,sanitation,en
land nobody many still delayed missing plot families broken wire land,tenure,en
smell tap since blocked waste water people affected request dirty damaged drain came waste waste,sanitation,en
area cut families dirty community water unsafe request pipe supply still last street water,water,en
month tank tap missing cut tank delayed authority supply families families tap,water,en
land unsafe illegal supply children people title action plot meter title smell our land,tenure,en
many plot title promised many light power wire drain delayed missing,tenure,en
dust cut many cut wire land illegal still action meter water light broken,power,en
morning urgent came path wire unsafe dust power unsafe morning,road,en
our damaged smell plot request help title nobody morning blocked land road,tenure,en
smell dust path came community meter families wire damaged blocked action many path illegal flood,road,en
still drain dust cut since blocked people action flood blocked,sanitation,en
request water water request delayed illegal morning title last missing title,tenure,en
last area office please unsafe water tank since supply street illegal broken,water,en
cut pipe tap dirty urgent broken still many plot,water,en
land land blocked lease month action missing month dust again pipe,tenure,en
people waste smell please broken drain waste please flood people nobody water waste,sanitation,en
damaged promised night street dust dust waste illegal damaged pipe road children affected community,road,en
people dirty unsafe since power water ward land request families cut tap again,water,en
water morning tank road many affected cut cut promised illegal affected dirty delayed broken,water,en
promised lease authority authority authority broken land missing tank people,tenure,en
drain water wire please waste street dirty street dirty still area month drain,sanitation,en
cut tank morning help tap still old street dust many waste water help,water,en
path office office waste came blocked ward children blocked drain families,road,en
damaged road dirty authority last dirty again road street wire ward street help,road,en
title tap smell cut blocked action office urgent pipe tank supply night community,water,en
came delayed request old power again title lease title,tenure,en
flood water tank dust children community office supply unsafe tank supply supply,water,en
drain dirty came action title waste wire drain title people broken families lease smell plot our waste waste help,sanitation,en
blocked office children blocked blocked blocked dirty blocked damaged delayed people,sanitation,en
tank again cut dust flood power community power action lease night needed,power,en
families drain plot broken plot waste last authority nobody missing month lease,tenure,en
water supply urgent tank water water help title dirty ward pipe street old road community,water,en
night drain blocked broken dirty affected since drain waste again light help drain flood flood nobody,sanitation,en
waste still lease unsafe water plot area flood many please old,sanitation,en
illegal unsafe dust since affected urgent last cut cut cut wire lease missing drain,power,en
road damaged children many morning office unsafe authority path pipe tap dust water wire,road,en
families title power title office title urgent missing people help title lease power illegal path title lease power,tenure,en
came last path affected flood street lease illegal,road,en
came nobody blocked road street street area road many street smell missing month,road,en
unsafe affected water path many meter promised promised ward dirty help blocked,sanitation,en
meter road power dust month unsafe unsafe tank damaged promised help damaged flood still street authority morning,road,en
waste since urgent unsafe authority request month title wire drain drain drain,sanitation,en
morning request power plot needed meter cut still cut broken help cut,power,en
authority drain broken land smell ward blocked morning last dirty smell cut flood promised,sanitation,en
promised cut cut tank supply authority wire broken smell drain area tank dirty urgent tank again morning,water,en
affected morning many land tap damaged dust nobody people tap pipe cut plot affected,water,en
waste blocked old old families many flood path waste area waste month request plot,sanitation,en
waste smell drain ward missing children smell waste delayed still flood came families,sanitation,en
illegal since area meter power authority cut missing community authority power meter cut power light broken,power,en
office title street since land flood street unsafe broken land since,road,en
drain dust street again children road request missing plot,road,en
many tank morning supply power plot office last water tap pipe please many,water,en
power power flood wire area broken families came dust our,power,en
water cut tap pipe our supply supply request families since again flood,water,en
promised unsafe ward broken unsafe ward tap authority plot wire needed tank night supply tank,water,en
since many illegal pipe night meter night please meter meter power meter lease unsafe pipe children,power,en
our came flood cut dirty old pipe children old supply pipe dust please,water,en
missing office power land illegal flood since needed smell flood lease illegal plot water again,tenure,en
supply blocked area illegal water smell nobody waste affected meter waste,sanitation,en
supply again since supply old road last again office water supply old missing broken street tank tank since tank,water,en
pipe cut still cut area needed pipe still drain supply again nobody pipe water,water,en
waste authority waste month waste path drain nobody came light flood unsafe water promised dust broken missing people,sanitation,en
broken unsafe road dust dust unsafe request action children path plot,road,en
families broken title title illegal help smell night meter our help,tenure,en
people cut title unsafe needed damaged power cut lease came again,power,en
promised meter action light missing power authority promised area meter lease dust illegal our cut unsafe,power,en
supply meter light again path morning request tap drain supply,water,en
path our cut meter ward people path damaged path needed blocked street damaged community land,road,en
action needed flood light power wire night path meter cut delayed came flood affected request cut flood,power,en
area meter ward power affected flood power unsafe water road our many children wire,power,en
land missing plot missing lease came illegal illegal office wire missing action pipe help night area,tenure,en
plot title area last waste flood waste dirty lease promised smell smell,sanitation,en
again plot pipe children title road road damaged community came land dust land,road,en
people land flood broken illegal land office needed smell please light smell dirty night people,sanitation,en
drain flood came night cut dirty wire power dirty flood smell help our dirty,sanitation,en
illegal community authority unsafe ward supply path street path flood last blocked again,road,en
children smell area road water children power again damaged community water authority road,road,en
flood nobody dirty tap last drain lease action action waste drain smell road,sanitation,en
morning nobody smell unsafe blocked water road unsafe please families road request,road,en
old meter pipe path affected damaged delayed damaged needed water people path,road,en
waste request road old since waste nobody area dirty came,sanitation,en
blocked cut illegal morning help waste office illegal dirty people cut illegal,power,en
came broken street children illegal supply smell community request flood drain,sanitation,en
promised road meter dust help road area tank road damaged help came,road,en
light morning illegal came power unsafe promised wire request cut affected people unsafe,power,en
path morning please tank office road path plot nobody path dust damaged ward damaged dust,road,en
broken dirty waste ward families blocked illegal old children drain dirty,sanitation,en
ward missing blocked drain missing broken plot title lease help please water still morning lease request,tenure,en
drain office again promised many power damaged power delayed urgent cut illegal affected blocked waste water,power,en
last broken smell land community since old missing illegal illegal promised damaged street,tenure,en
cut came wire smell nobody broken dirty affected cut month drain pipe still power,power,en
tap tank drain nobody please authority blocked title smell water area cut cut affected again dirty cut,sanitation,en
action land title pipe night tap meter tap delayed help unsafe land supply flood help,water,en
broken supply office month pipe water path night morning supply supply affected missing community,water,en
drain delayed authority waste lease drain flood flood waste many cut morning people drain,sanitation,en
title families land morning wire lease request path illegal pipe delayed supply urgent,tenure,en
please road ward dirty wire road road drain ward path,road,en
waste flood wire help many wire water smell meter tank please help promised power help power,power,en
unsafe illegal road still power wire unsafe road night community illegal since dirty damaged waste path night,power,en
again families wire dust dust people street our blocked water nobody path,road,en
month cut last tap cut tap light tap tank area blocked,power,en
unsafe street damaged road wire cut pipe waste affected road office needed road road needed,road,en
smell waste drain missing our waste road drain action tank ward drain illegal our,sanitation,en
blocked old dirty affected power dust smell plot smell again office cut title,tenure,en
wire please road last pipe water tank morning tap office water tank old,water,en
community ward street dust wire night wire unsafe water action help unsafe street cut many damaged,power,en
flood request still urgent pipe cut tank meter plot affected cut meter water pipe ward,water,en
needed dirty smell blocked pipe plot title dirty supply pipe drain dirty morning many,sanitation,en
our community supply waste promised night again title dirty drain drain dirty families,sanitation,en
smell drain land morning night came came still flood request title,sanitation,en
waste broken community night children unsafe please dirty drain blocked flood,sanitation,en
again missing land pipe illegal plot light land urgent tap plot tap still meter,tenure,en
authority meter request still path wire night affected unsafe street power cut night,power,en
wire light light power help came month meter drain wire title,power,en
dust authority flood unsafe community many action road street path cut broken action road drain,road,en
dirty cut month broken needed request land dirty community people waste waste area dirty,sanitation,en
unsafe damaged pipe street area street month authority last path morning waste blocked,road,en
water water cut broken authority water children since illegal pipe tap light tap promised please,water,en
broken road request road smell office request waste tap pipe supply road supply area pipe please,water,en
blocked pipe water children water broken urgent supply dust since damaged,water,en
water water needed meter month unsafe drain month broken again tank month area,sanitation,en
supply area office road street urgent path plot please road dust urgent our,road,en
flood dirty power smell dirty our dirty drain ward nobody dirty unsafe,sanitation,en
supply dirty still please road light dust came land water supply request unsafe,road,en
lease area light illegal light wire again meter delayed night again,power,en
dirty dirty urgent cut came dirty promised water still street month blocked pipe,water,en
land land help title promised old waste drain lease please,tenure,en
promised lease title illegal missing many road still title street delayed since,tenure,en
street road damaged dust power community dust our path area delayed path old,road,en
smell flood blocked night since nobody dirty flood dust old,sanitation,en
needed drain supply drain urgent still supply water water cut came drain urgent,sanitation,en
authority again meter month supply tank night still power dirty broken,water,en
promised morning families tap flood water month again tap broken month road cut pipe,water,en
wire street illegal power cut cut plot needed urgent morning meter power waste please came,power,en
month wire nobody urgent morning cut many illegal power dust old blocked still,power,en
last light illegal old tank water wire tap since smell area,water,en
action cut office ward cut community our illegal street plot authority tank wire,power,en
title illegal many people month land missing missing office action damaged title land,tenure,en
smell drain damaged came path road promised many path blocked again water dust,road,en
meter illegal path cut needed street request urgent meter community cut,power,en
since children power morning area wire smell meter meter delayed action unsafe people,power,en
missing water dirty nobody flood help many drain dirty area water delayed blocked promised community smell,sanitation,en
wire pipe please meter people dirty cut land water ward area power unsafe missing waste needed,power,en
flood flood children smell promised drain again children flood unsafe waste nobody power dust help plot waste,sanitation,en
our community illegal since community meter light meter light cut meter meter office damaged promised wire,power,en
wire waste broken cut request office power promised broken,power,en
broken smell wire since month many illegal light help delayed came waste power light,power,en
please children light still power community needed damaged please cut dust drain,power,en
water land pipe supply tap blocked action came affected land authority last supply cut request lease broken,water,en
street road community street office children still tank path old road,road,en
children pipe please land night street title night title office broken office dust,tenure,en
month again office unsafe drain old land missing lease illegal flood road came flood needed,tenure,en
supply authority broken month cut people smell water,water,en
tank supply still power still authority broken illegal children waste,power,en
our drain nobody pipe waste waste still since water old our flood,sanitation,en
blocked ward came pipe dirty road unsafe wire street street authority drain,road,en
power damaged pipe street pipe dirty flood families tank help families road road,road,en
delayed families children request meter tank area title old affected title,tenure,en
lease tap old affected meter lease delayed lease dirty delayed help office still nobody our land broken,tenure,en
lease supply cut authority last road land unsafe request action came plot,tenure,en
power waste tank office waste families promised came power unsafe light title cut blocked,power,en
power light request area help broken land illegal illegal month unsafe request,power,en
help path old plot road path street unsafe ward plot water missing many still,road,en
families supply cut still cut people light broken smell pipe tank action urgent urgent pipe path tap,water,en
please old missing came community request lease land tank,tenure,en
area water please people please tap request supply light damaged month water land,water,en
help smell lease waste water path smell lease missing water dust still nobody blocked nobody ward dirty,sanitation,en
please unsafe night tank please dirty dust again street night,road,en
office pipe street water area broken our many damaged many request wire water,water,en
since path street path tank illegal road path promised last path,road,en
night month people street action smell flood ward land title title delayed authority plot blocked,tenure,en
promised flood pipe help please missing water urgent tank dirty lease nobody families flood,water,en
authority unsafe light cut action plot wire wire urgent street request children,power,en
title nobody water water supply title area since water supply supply wire meter please dirty tank,water,en
street office morning unsafe tap nobody our water our promised cut water water,water,en
plot cut cut cut broken land land people nobody night lease damaged missing,tenure,en
still water last promised since dirty old smell came children waste broken,sanitation,en
last action dirty supply waste tap cut pipe pipe tap nobody supply needed,water,en
tank supply tank water blocked cut tank last delayed month night meter pipe,water,en
dirty people flood damaged wire wire light morning nobody supply affected path,power,en
wire smell illegal broken wire broken smell land people again came action illegal meter community,power,en
old came old land illegal children community land blocked title area,tenure,en
morning broken many illegal damaged waste blocked water flood morning,sanitation,en
action title broken land illegal title again missing authority authority authority missing missing flood power people,tenure,en
ward pipe supply supply missing community authority supply waste families missing tank last,water,en
path our unsafe supply illegal delayed nobody night water water ward broken supply water blocked water,water,en
tap still tap pipe month dirty cut street dust please unsafe water request,water,en
came water drain smell broken our blocked street our dirty road drain waste help,sanitation,en
lease missing plot cut land office children morning delayed,tenure,en
lease please title ward damaged missing area dirty land lease again road land affected,tenure,en
dust street request light came unsafe month blocked street flood since flood last community delayed,road,en
water came blocked ward light delayed street path ward waste blocked damaged street broken,road,en
flood waste drain flood request blocked blocked dirty office people again blocked plot,sanitation,en
unsafe office request smell children light dust dust street blocked street wire broken blocked still,road,en
wire many people damaged drain action plot broken dust meter light power unsafe,power,en
land title land again damaged area land many land action tank meter illegal,tenure,en
flood community meter needed families power damaged path damaged flood office delayed unsafe,road,en
broken flood waste tank smell again delayed missing action request delayed action delayed,sanitation,en
flood meter unsafe blocked wire many action meter authority flood many,power,en
area supply since authority supply meter supply supply land supply,water,en
ward meter street power needed cut request power power power illegal old,power,en
smell needed drain drain help community waste meter broken power drain still waste,sanitation,en
still old old morning authority night title request old land plot,tenure,en
help broken still dirty waste illegal affected tank damaged water affected drain,sanitation,en
tap families community children again pipe supply light tank,water,en
action area drain families people pipe drain nobody cut drain dirty waste ward smell,sanitation,en
meter came power illegal power urgent broken morning dust wire power title morning morning families,power,en
area action still waste families drain wire last dust blocked blocked meter power flood,sanitation,en
cut authority flood children blocked nobody waste authority cut plot since illegal waste promised drain,sanitation,en
blocked delayed light power since broken meter month help power dust power water,power,en
illegal please wire pipe again tank power ward office cut illegal broken supply,power,en
land title area promised many action title missing plot missing needed request title,tenure,en
dirty our dirty promised plot water waste authority broken water waste night tank promised,sanitation,en
road street office blocked community blocked blocked flood our road drain waste broken water,sanitation,en
title land children land many old last lease came morning illegal illegal request,tenure,en
old dust unsafe illegal old plot many light delayed unsafe came help many,tenure,en
community cut last cut street cut dust tap urgent flood flood street,water,en
many night our missing dust flood dust title path flood street request,road,en
office morning plot pipe cut again illegal power light many,power,en
old affected affected request ward land damaged land street action title plot,tenure,en
tank morning cut promised land dirty title please plot illegal plot illegal illegal,tenure,en
smell office came power meter waste nobody last cut power month drain broken light power,power,en
old dust children delayed request ward community title title delayed delayed,tenure,en
tank nobody tap month cut cut tap area cut came illegal unsafe,water,en
broken meter children needed people street children illegal path since street,power,en
still blocked path smell dirty again old nobody blocked still broken lease,sanitation,en
illegal dust power cut unsafe meter needed families cut plot still meter power,power,en
last path since our tank illegal children delayed plot path dust ward,road,en
children area missing delayed illegal old cut title again missing land,tenure,en
drain promised nobody children light waste drain blocked drain street again urgent drain drain,sanitation,en
dust children path waste unsafe blocked smell smell area unsafe month,road,en
office lease area light needed affected wire title flood night people illegal,tenure,en
dirty action lease waste blocked water water office promised drain supply illegal broken,sanitation,en
smell since affected flood drain flood blocked path morning drain authority,sanitation,en
blocked promised urgent unsafe meter street street unsafe path help road community,road,en
came meter children meter cut people illegal morning smell came water,power,en
ward damaged water lease damaged last damaged dirty street request flood waste,sanitation,en
wire affected broken blocked blocked wire promised action promised lease,power,en
delayed nobody illegal path children old area delayed cut,tenure,en
damaged supply illegal water blocked dirty affected office please water street blocked light,road,en
month waste flood smell blocked help help illegal smell area blocked drain supply still meter affected,sanitation,en
our people land land flood again please lease title land path delayed action street plot children,tenure,en
office since since supply power water action smell cut morning still unsafe wire land power,power,en
lease nobody land old last children children families land illegal ward meter,tenure,en
our many damaged flood blocked authority street again dust blocked meter meter families,road,en
came path people path blocked children illegal cut street broken,road,en
land street blocked flood damaged dirty still last street still blocked street,road,en
needed flood street light path still again dust water came last pipe wire broken street plot,road,en
needed drain authority broken waste people broken needed dust smell ward blocked children,sanitation,en
supply road request tank families lease again street street urgent,road,en
families month affected wire cut damaged since cut road unsafe affected land nobody road dust,road,en
drain dust many families smell our dust office affected street title flood,road,en
area nobody water tap since cut needed flood since dust tap authority supply,water,en
drain office land nobody children blocked community cut dirty people dirty month,sanitation,en
plot nobody plot title action plot title street dust office land street children ward needed,tenure,en
wire needed power path cut drain help pipe families illegal children families,power,en
missing last drain smell many promised action damaged waste missing water,sanitation,en
water title land delayed road path request missing unsafe lease lease urgent authority,tenure,en
delayed land needed night missing last many title illegal broken illegal needed illegal morning,tenure,en
lease lease wire last delayed nobody area month urgent street came,tenure,en
missing affected illegal illegal lease promised action flood flood delayed,tenure,en
promised water came needed old families children damaged supply broken,water,en
pipe office office last tap pipe area ward broken water drain came water pipe,water,en
families action urgent supply damaged land urgent many water broken supply dirty,water,en
help unsafe please delayed dust request light office illegal drain,power,en
smell pipe dirty cut month came cut flood urgent blocked,sanitation,en
smell drain wire blocked broken flood waste please dust drain urgent morning,sanitation,en
wire needed meter power wire cut children wire wire area waste,power,en
road nobody action month water tank request supply community supply area,water,en
light still urgent plot blocked missing action plot,tenure,en
ward promised delayed land light please smell plot land request title,tenure,en
drain night light authority promised light dirty power meter,power,en
power wire missing plot authority drain lease plot many our plot came lease,tenure,en
path last road request dust damaged night families unsafe flood street children authority waste pipe,road,en
help smell dirty came community drain dirty waste old,sanitation,en
unsafe wire illegal tap people light night people morning urgent unsafe power,power,en
since promised flood still urgent land meter wire month light street,power,en
morning meter please flood title again came smell power wire power morning light power since,power,en
morning power dust urgent drain nobody authority affected drain illegal road ward flood flood waste,sanitation,en
dust families tank pipe promised promised missing pipe authority pipe community wire,water,en
plot children road road dust street dust families children power still path title,road,en
request still supply nobody children lease families power meter lease plot plot title land water light,tenure,en
authority illegal blocked broken blocked path waste drain request still waste damaged street blocked,road,en
water title road flood still waste promised came broken dust smell blocked,sanitation,en
illegal families water water pipe nobody request dirty pipe dirty tap,water,en
again blocked road plot many area road power children flood,road,en
children cut month water power old supply affected nobody tank water promised tank help,water,en
drain affected our old ward damaged still community flood water tank ward,sanitation,en
waste unsafe last affected night drain illegal still light path meter light our nobody meter,power,en
unsafe street delayed road authority meter action water path community blocked blocked unsafe,road,en
path plot street night waste month title lease meter street children,tenure,en
land community supply water people drain flood affected meter waste,sanitation,en
smell blocked dirty blocked our many drain smell tank month many pipe drain last unsafe,sanitation,en
light tank month many supply water supply nobody request cut cut,water,en
dirty land waste action ward dirty smell action waste lease lease our delayed flood,sanitation,en
power power flood street many cut affected since light families,power,en
area nobody smell our missing dirty water blocked illegal water drain many urgent,sanitation,en
cut month flood night lease wire power illegal month cut meter street authority,power,en
drain delayed unsafe wire cut promised area please again last illegal children land land,tenure,en
land drain community cut title illegal land title affected land area children action families,tenure,en
help delayed our broken power last tank tap street,water,en
came help broken unsafe still unsafe missing cut since broken path dirty still illegal tank,power,en
our pipe urgent children broken old supply flood water our tap drain wire promised land old ward,water,en
old night dust road path families street broken urgent path,road,en
tank old help land lease land land pipe night came lease last lease,tenure,en
water ward tank ward children lease dirty water illegal our broken,water,en
action broken title land families land title illegal broken authority wire nobody lease our cut help street unsafe,tenure,en
dirty drain help road promised meter pipe broken request dust month road cut,water,en
night damaged drain dirty flood area many path drain illegal wire needed again nobody unsafe drain water,sanitation,en
waste dust land request drain light needed nobody wire our ward power,power,en
power light delayed action light people request water waste wire light morning meter power again,power,en
water tank water waste children people families urgent pipe water smell,water,en
land our since action damaged came land delayed old lease,tenure,en
unsafe road meter street illegal meter children illegal pipe families urgent authority,power,en
drain office street broken flood waste dirty water area nobody blocked pipe,sanitation,en
illegal supply power our supply needed supply dust meter waste tap tank came,water,en
lease action ward last land many path title title,tenure,en
please wire light water community families please promised light power morning damaged cut,power,en
help smell waste still blocked nobody cut waste street came wire drain supply dirty,sanitation,en
cut light tank again action needed old morning ward meter cut flood cut,power,en
meter supply authority unsafe wire our illegal children illegal light,power,en
month month drain damaged blocked cut illegal water road road still night street affected,road,en
smell title title families affected title cut unsafe illegal illegal wire our again illegal,tenure,en
tank title old pipe promised since tap tap illegal urgent,water,en
dirty smell area waste flood missing broken dust wire action flood blocked urgent many,road,en
plot families community supply missing smell flood came road since title promised illegal people,tenure,en
light water please power path came needed light month power power wire again road,power,en
lease drain land plot cut lease area title delayed help blocked month,tenure,en
action action lease power illegal last promised area tank dust damaged old came cut light broken title,power,en
month power unsafe affected light flood smell dirty waste children delayed cut needed many,power,en
old illegal community water help dirty broken dirty community lease last request blocked broken,sanitation,en
dirty waste came waste drain office illegal illegal meter affected unsafe water broken again wire,sanitation,en
smell light water our since road dirty promised water street tank title waste affected waste ward action damaged waste,sanitation,en
dirty tank land authority title tank cut action supply light land pipe water affected,water,en
area still plot our pipe month dust flood title title old,tenure,en
title families affected plot blocked light broken promised plot title path many lease unsafe delayed,tenure,en
flood drain morning dirty dirty old water unsafe needed tank came ward,sanitation,en
meter water nobody flood supply authority smell drain ward promised cut water,sanitation,en
area land pipe morning waste cut people supply,water,en
action waste wire cut waste dust dirty waste damaged path authority dirty night affected since flood area blocked waste,sanitation,en
street broken help promised blocked power ward flood road street ward pipe street flood,road,en
street road delayed authority land again road lease title illegal cut urgent children,tenure,en
waste children road broken request lease dirty drain people help smell nobody water pipe,sanitation,en
unsafe morning path since damaged office affected urgent light light road illegal,road,en
unsafe pipe road dust dirty illegal nobody broken request water road damaged last ward help,road,en
cut still street dirty tank delayed dirty unsafe needed tap cut last office community supply,water,en
dust wire nobody promised dust road street our wire dust unsafe pipe,road,en
missing affected morning illegal broken illegal blocked office promised lease,tenure,en
families please tap delayed tank came water children tap month water waste broken help,water,en
unsafe our help please office road help month flood broken blocked power flood,road,en
path street affected delayed road damaged again needed missing night action blocked came,road,en
drain smell our waste meter last smell again water waste our delayed,sanitation,en
action plot plot plot missing area dirty land drain ward lease waste power,tenure,en
wire still came plot path path wire wire pipe came wire power authority children cut,power,en
still meter please dirty meter wire action meter since action,power,en
blocked pipe tap broken request cut tank lease water tank road families road request,water,en
nobody night path lease night still blocked water affected last damaged dust unsafe,road,en
lease waste wire nobody our path plot authority please children night plot,tenure,en
drain supply light broken lease still office please still since please flood,sanitation,en
flood street old month plot help lease ward needed last lease,tenure,en
again waste morning pipe broken meter office dirty water street meter wire water tank,power,en
office authority help illegal illegal broken illegal lease light came path came land lease children,tenure,en
lease cut title land cut old delayed old still title morning tap ward land,tenure,en
still plot damaged request please last blocked old blocked dust waste wire,road,en
land illegal land cut came old broken please old land land community,tenure,en
people authority children please wire wire night authority light cut lease delayed,power,en
dirty water street blocked since month path road promised night people,road,en
missing our land request plot broken broken dirty land water morning lease pipe promised,tenure,en
office promised dirty please unsafe drain month tank came promised pipe pipe supply,water,en
water cut plot flood illegal many action nobody tank lease children,tenure,en
nobody dirty missing lease old promised title many came tank,tenure,en
area wire pipe illegal lease since broken delayed power path title action broken community,tenure,en
came drain path nobody blocked meter came light blocked dirty,sanitation,en
delayed plot our old old dirty broken dust dirty please old path missing lease title morning help,tenure,en
broken dirty affected illegal again power waste broken affected drain meter action,power,en
waste path office action path waste people road light help last broken nobody,sanitation,en
dust area tank dust needed unsafe month wire,road,en
unsafe wire urgent meter promised water power cut again illegal families families drain pipe,power,en
help our water families drain dirty road title unsafe smell,sanitation,en
street missing urgent request unsafe road path area cut blocked people pipe,road,en
people morning community dirty street blocked dust path nobody street waste,road,en
tap tank families pipe water cut ward still dirty ward,water,en
night light illegal land night children tank community pipe tap water pipe many illegal tank,water,en
light affected many power old promised still power smell families broken lease area broken light,power,en
affected tank supply office tank broken morning light waste pipe,water,en
old street damaged month tank help old street action our dust unsafe street,road,en
drain still drain missing ward blocked blocked dirty flood since came nobody delayed came tank,sanitation,en
plot urgent waste water night area waste dirty last came office drain blocked,sanitation,en
children affected smell morning lease plot missing help month title nobody title meter illegal,tenure,en
morning old area wire blocked light power illegal power power community request light,power,en
road many wire road path children title plot old area land please please our,tenure,en
waste smell smell night smell needed many flood drain meter since area old authority tank,sanitation,en
meter wire authority office office unsafe broken street dust water cut,power,en
illegal office damaged power came families light broken power supply area,power,en
authority still help people supply old delayed wire people pipe pipe ward,water,en
tap cut path cut last help water supply flood water needed still,water,en
title missing cut night area land needed morning help nobody old,tenure,en
community waste night dirty broken pipe water night tap nobody land drain,sanitation,en
request last drain tap missing promised request title street came ward tap broken tap waste,water,en
last authority old still land lease damaged drain title plot request promised title needed blocked,tenure,en
title path street please last road supply ward street flood request affected night,road,en
plot waste pipe meter street children flood our pipe broken supply pipe help road,water,en
damaged blocked path road people road road urgent promised street nobody many street community,road,en
broken night tank cut needed flood light dust power light action,power,en
unsafe old illegal our help dirty broken morning broken needed smell waste urgent missing,sanitation,en
children morning office since land tank our plot cut affected old lease title land,tenure,en
old night blocked nobody flood night drain blocked families help drain damaged,sanitation,en
since drain title plot illegal light title blocked missing urgent night authority drain title still dust,tenure,en
supply lease road power urgent power unsafe our road urgent ward,power,en
tank nobody land lease lease land cut since missing action action,tenure,en
blocked title families please flood night street delayed path damaged affected old dust affected needed path,road,en
tap path month cut water cut still our old nobody supply wire ward pipe,water,en
path meter damaged many many urgent unsafe blocked flood tank flood,road,en
power missing our affected unsafe unsafe ward wire missing power unsafe please dust meter,power,en
our delayed month power light illegal wire area road power meter light again broken,power,en
land office road flood our flood cut still road blocked plot road,road,en
people since since nobody street path power damaged tank again action,road,en
please meter meter cut urgent old smell illegal area power plot cut,power,en
cut came dirty wire wire damaged last meter needed tap supply waste again,power,en
road people path needed old road request again dust dust street last waste damaged dust,road,en
supply again tank lease flood morning waste please water old water pipe month plot children tap month pipe,water,en
affected office still plot affected plot night delayed pipe lease wire land morning missing broken,tenure,en
request flood flood illegal meter delayed our light please road office light light power again broken,power,en
title flood waste flood flood families our blocked waste blocked drain came title needed,sanitation,en
month tank many urgent children water pipe pipe water missing ward supply cut urgent lease pipe,water,en
night title urgent land land land community old please land land,tenure,en
area light affected cut meter wire again power meter request blocked power,power,en
power smell affected wire authority broken authority area many wire meter illegal,power,en
power unsafe cut power power power unsafe request missing illegal plot light promised ward,power,en
our children delayed meter meter needed plot unsafe wire,power,en
illegal blocked families needed office meter our dirty light cut wire,power,en
still families came title needed flood broken street road blocked path street office affected,road,en
land urgent plot night request our morning flood light waste delayed title plot,tenure,en
area smell cut old office unsafe urgent supply drain last waste flood affected,sanitation,en
broken needed request unsafe path unsafe ward action delayed flood people path,road,en
road dust blocked flood water urgent power tank road unsafe ward office,road,en
water authority pipe waste office pipe water supply night families tank since nobody lease,water,en
blocked road since unsafe path wire blocked tap affected promised smell road road action ward,road,en
path our path damaged flood still path please road road meter,road,en
damaged blocked light path path dirty road dust street last since help children office month,road,en
tank needed street many children area children pipe water land dirty urgent land water pipe delayed,water,en
pipe urgent dirty blocked old lease flood smell broken authority flood night,sanitation,en
meter please supply broken tap authority since please morning illegal water tank damaged,water,en
action tap title still urgent pipe pipe dirty dust cut,water,en
again children street missing action plot community path water smell lease missing lease supply morning,tenure,en
water water people path still needed dirty light supply office,water,en
tank families waste tap our still wire cut pipe lease tank,water,en
nobody dirty please damaged blocked month people dust broken action tap missing families,water,en
old night pipe tank plot affected broken since pipe dirty authority cut power,water,en
since delayed dust affected damaged area authority blocked road many missing illegal road,road,en
light broken waste drain authority again morning lease dirty drain,sanitation,en
last flood still people dust still children street supply cut unsafe road,road,en
our plot delayed plot land wire our plot wire illegal plot community,tenure,en
broken lease still our area supply plot dirty month broken tank cut meter lease,water,en
families people drain cut smell drain office still damaged area damaged unsafe old delayed dirty dirty smell broken,sanitation,en
cut tap promised nobody pipe people again tap supply blocked,water,en
old since request path road road unsafe wire last nobody dust,road,en
month street drain drain urgent smell children wire flood community,sanitation,en
needed blocked families last community water dirty tap dust tank land tank urgent,water,en
families dirty flood smell came needed blocked promised many lease illegal waste,sanitation,en
title request title nobody office title smell flood again land,tenure,en
authority tank land month drain old land land illegal affected,tenure,en
dust still old broken urgent dust light cut night flood again flood blocked urgent path action,road,en
ward road authority waste our smell power waste pipe office still dirty affected,sanitation,en
cut smell water still unsafe area drain again month drain road path drain blocked dust waste action,road,en
again office morning plot lease missing lease nobody land old delayed title our,tenure,en
light people waste blocked help our path water smell waste our month road dirty month dust,sanitation,en
title dirty last delayed title missing families help affected plot plot needed tank lease our missing,tenure,en
authority action our wire ward lease light light many illegal meter,power,en
light authority illegal action tap light office morning wire meter meter month cut path,power,en
request promised wire since lease missing authority land help broken missing lease light illegal cut,tenure,en
unsafe delayed missing dirty month damaged dirty action lease came old missing still again water,tenure,en
dirty still nobody waste wire pipe flood drain please dirty still waste street dirty,sanitation,en
waste broken smell drain blocked urgent please broken waste many promised people,sanitation,en
our plot help tap pipe tank month supply water water came since light cut,water,en
area wire street dust last damaged road plot dust blocked still street,road,en
dirty missing please smell action many blocked blocked broken broken drain month again,sanitation,en
lease dust blocked action pipe nobody needed unsafe illegal wire illegal wire night our meter office,power,en
families old tank since flood blocked tap needed water cut,water,en
night request meter dust title tank office lease land people title office dirty path nobody dirty,tenure,en
supply light tap month broken tank broken blocked since help broken,water,en
drain people urgent waste help tap flood authority street dust office pipe smell wire broken pipe waste,sanitation,en
flood meter cut land many blocked dirty drain land waste illegal please blocked smell people office,sanitation,en
cut power broken again broken urgent damaged families morning smell supply since tank urgent smell,water,en
ward drain waste drain drain authority path land area pipe blocked,sanitation,en
power families again plot help delayed road our illegal plot please title area,tenure,en
illegal meter our delayed action land land water promised month came meter damaged,power,en
path wire path smell area affected path damaged ward families,road,en
waste wire broken action smell again authority drain missing drain meter blocked dirty,sanitation,en
land please night land title our smell supply plot title,tenure,en
supply title waste dirty month office flood illegal broken plot dust last plot,tenure,en
dirty illegal title dust area unsafe illegal damaged action request blocked water blocked blocked damaged,road,en
cut dirty water last water smell dirty came road waste again nobody last,sanitation,en
ward water delayed plot delayed waste needed broken affected water unsafe,sanitation,en
area blocked power flood light our wire ward our request dust cut,power,en
came lease illegal lease light plot lease night missing dust authority area please community,tenure,en
damaged authority many supply request authority help road plot old damaged flood path,road,en
supply again street flood night children tank needed water dust tank,water,en
came light unsafe dust request many still drain drain community broken still drain waste,sanitation,en
drain morning waste again dirty community waste dust,sanitation,en
damaged tank dust urgent title flood needed path street street promised delayed last still urgent,road,en
drain water smell street came title month still broken please,sanitation,en
pipe needed lease cut tap illegal broken many many pipe wire tank since nobody needed,water,en
supply month since blocked many illegal title old blocked flood flood affected people waste land our,sanitation,en
dirty lease people cut water waste children land street missing tap again action delayed since,tenure,en
please waste tank dirty many supply old broken title cut urgent dirty still,water,en
please damaged needed dirty power dirty cut nobody waste light request still light light nobody,power,en
broken last broken illegal broken promised many illegal broken path cut blocked please came again water,power,en
street lease land title many land plot title affected our missing,tenure,en
smell morning pipe water pipe tap since office drain ward smell broken tap power meter morning,water,en
our request delayed affected title plot request old meter tank lease unsafe illegal,tenure,en
dirty nobody morning supply last pipe ward pipe pipe community water lease,water,en
cut unsafe cut last supply damaged last cut help promised many unsafe broken damaged smell people,water,en
help blocked damaged street nobody last wire ward road damaged smell wire blocked flood action illegal waste came,road,en
supply action tank tap power supply morning tank children supply pipe since needed,water,en
children title smell office damaged road authority month families night dust damaged,road,en
light since came promised light ward children missing smell illegal cut cut please power,power,en
pipe morning night flood pipe authority request waste title community illegal please plot missing tank drain,tenure,en
plot promised title still delayed came land street illegal tank flood,tenure,en
illegal street urgent blocked month title flood action street dust power action flood cut flood power action damaged,road,en
water missing came night water please again title plot needed,tenure,en
tap action people needed water flood came please unsafe action water power plot water water,water,en
urgent community plot month broken tank pipe flood please broken ward office,water,en
last tank again many title road cut flood please dirty power tank,water,en
since help please unsafe flood urgent dust dust road request street drain,road,en
missing affected came road children lease power drain illegal old since night,tenure,en
street broken dust road needed flood again meter flood came unsafe,road,en
request came tap street cut meter last unsafe unsafe pipe pipe people power,power,en
pipe night broken lease promised drain water request supply action tank water water promised,water,en
path unsafe unsafe supply plot month dust children flood street authority families authority request,road,en
unsafe plot delayed ward damaged request waste land nobody cut authority morning,tenure,en
waste families dirty promised street waste needed nobody since drain dirty water meter community,sanitation,en
unsafe illegal area flood morning light broken since unsafe area came,power,en
power dirty drain light since please waste dirty drain title affected waste,sanitation,en
drain promised wire meter children light water still power promised,power,en
power children delayed street unsafe path road please help,road,en
wire broken water dirty supply morning title cut pipe supply office smell month,water,en
flood dust since dust children tank last cut dust request tank road path morning still pipe,road,en
power broken promised illegal needed families land unsafe illegal title,power,en
flood office drain children blocked action smell waste drain community pipe lease night authority tank flood water,sanitation,en
unsafe affected dust street broken blocked blocked old last dust road light area,road,en
affected cut meter help light cut since wire meter morning land road dust unsafe since,power,en
nobody still supply broken morning supply supply tank help dirty request morning,water,en
children plot road broken waste path still promised nobody promised dust,road,en
missing drain pipe needed light water please water affected office cut many,sanitation,en
many path smell title smell cut street help water street waste since flood waste,sanitation,en
delayed authority path month authority families power night night missing dust road delayed,tenure,en
lease street our path morning last light dust flood morning request action,road,en
street power illegal request unsafe meter please light water authority,power,en
tank unsafe road pipe dirty pipe cut water supply still still month,water,en
families blocked title dust lease land again request title flood power tank flood land title title affected last,tenure,en
drain community power dust dirty area flood cut still wire road dust street street blocked morning since,road,en
unsafe supply illegal meter morning ward still community power broken path illegal light community path,power,en
road power lease road road street path damaged blocked damaged action month people,road,en
delayed action delayed promised last lease waste smell waste waste land lease nobody drain,sanitation,en
community dirty light power supply wire since power still wire wire unsafe meter,power,en
promised needed month unsafe road morning dirty path light urgent damaged blocked water waste missing,road,en
water broken tank pipe pipe help promised cut last,water,en
pipe land affected tap land dust title urgent supply urgent path,tenure,en
waste still lease missing broken land morning last delayed lease missing delayed lease,tenure,en
land broken tank plot again wire supply action area our water road supply,water,en
again help please broken missing drain smell waste request power since tank water dirty power,sanitation,en
title still supply waste many broken families blocked nobody flood,sanitation,en
power children wire meter meter still tank water water pipe light meter month,power,en
people drain smell light please dirty drain community,sanitation,en
dirty road street water authority broken street road dust dust flood again again cut affected help,road,en
supply blocked meter street drain street path please land road request urgent dust action,road,en
plot title road title path last morning missing our morning street delayed illegal pipe,tenure,en
cut delayed road dirty action pipe dust tank tank area help office pipe,water,en
last unsafe street request action power broken power dirty tank blocked wire,power,en
wire broken smell power children cut street wire nobody our community needed tank supply pipe needed tank,water,en
month broken since waste title area nobody request old title cut illegal cut missing delayed power,power,en
road meter road smell people street light night broken authority,road,en
wire illegal area old broken land power last title action community title action title office plot cut,tenure,en
people dust dust month road nobody path promised wire street street power wire,road,en
tank land missing tap water people tank pipe children delayed wire families lease broken area request affected cut,water,en
wire waste power wire power meter flood community wire authority street missing cut affected,power,en
smell power dust office drain smell dirty help broken families still request still blocked missing power,sanitation,en
urgent wire meter month blocked since wire flood morning tank power blocked supply still unsafe,power,en
power request tap tank office water many tap damaged many morning night pipe,water,en
again illegal land urgent since old authority title road unsafe wire affected plot,tenure,en
blocked old plot illegal office wire children title nobody needed office lease authority,tenure,en
land month dirty plot cut month drain damaged supply came water wire,water,en
missing authority missing lease illegal land came month power again,tenure,en
last road blocked missing broken month water area street,road,en
road waste promised street community dust night blocked flood people street flood,road,en
affected land road land missing morning morning flood illegal illegal,tenure,en
path illegal missing nobody please many cut delayed came people area,tenure,en
blocked please street many street power road unsafe dust needed street damaged,road,en
since children water cut waste illegal authority power street power flood our month flood our,power,en
light broken lease delayed month blocked families dirty authority month nobody land,tenure,en
supply still request delayed smell pipe smell tank action old plot blocked again,sanitation,en
damaged night blocked dust missing water area dust damaged still dust,road,en
still tank meter community needed flood cut supply request pipe,water,en
needed families land area path again path request needed drain street,road,en
again request waste supply supply again dirty illegal path water promised children urgent broken,water,en
plot dirty path meter wire waste action light many our action our unsafe light office,power,en
dirty office pipe flood urgent path authority waste month morning request,sanitation,en
land night nobody old still missing plot title tank our lease cut title,tenure,en
morning missing broken broken tap families light supply supply month affected water,water,en
month families office our unsafe meter flood street unsafe unsafe request unsafe path illegal needed light,power,en
dirty since tank cut morning wire month meter still wire promised,power,en
light came plot people wire our water light help request water illegal morning,power,en
pipe water office cut supply came illegal since blocked urgent cut please morning,water,en
illegal power wire authority help street unsafe light many supply wire our,power,en
title ward action came lease area old drain illegal illegal wire urgent lease wire title please,tenure,en
road dust came morning flood people damaged drain road road illegal people damaged came,road,en
pipe authority broken cut night blocked month still supply night meter broken flood illegal affected broken,power,en
nobody waste cut road broken office came help dirty drain families request dirty dirty,sanitation,en
again plot water damaged tank water supply last many action month again cut tank,water,en
lease illegal unsafe flood pipe meter affected request power again wire supply,power,en
damaged dirty last waste water waste blocked drain request children our dust unsafe flood light water nobody,sanitation,en
community action action land meter since light light missing meter power,power,en
road tank request again people urgent flood meter last street street old,road,en
promised cut night tank missing please tap broken ward supply meter please affected,water,en
illegal children power meter plot illegal illegal came illegal path supply land month wire area many came,power,en
supply pipe tank night supply water power ward water again path,water,en
night again many dirty smell dirty night waste tank community request cut missing water smell,sanitation,en
help dust nobody missing please plot nobody title request missing many drain plot,tenure,en
road plot damaged cut path dust street morning road needed office road street,road,en
last title missing flood community community delayed unsafe title,tenure,en
request drain water nobody authority help dust broken supply waste authority urgent waste,sanitation,en
water unsafe families tank path nobody broken people power illegal,power,en
old light old came last power unsafe urgent flood power blocked help ward,power,en
smell request office needed our drain again plot unsafe illegal dust smell area meter light illegal,power,en
path dirty nobody path plot damaged damaged water still night,road,en
drain waste urgent waste smell broken please night waste land supply blocked our,sanitation,en
help tank many still tap light illegal damaged supply,water,en
blocked wire street came smell month people our damaged land dust power,road,en
affected blocked area land our water illegal supply old missing,tenure,en
children road night community area area illegal light flood blocked cut,power,en
many plot unsafe land month blocked old illegal light night wire blocked road affected old,tenure,en
drain illegal illegal title dirty path morning authority land plot area,tenure,en
area land flood families help lease people illegal old lease last,tenure,en
waste smell morning waste area lease meter night dirty since drain office broken last title,sanitation,en
water ward many lease power street lease morning action broken land area ward dirty waste,sanitation,en
supply children ward again waste flood morning drain title flood smell wire drain,sanitation,en
path drain title illegal path road dust damaged month affected families request path power waste,road,en
land urgent help dust again illegal area drain plot title meter old,tenure,en
children land road many title dust plot community pipe our month water missing lease road old,tenure,en
broken still promised ward light light path meter power meter again since unsafe many,power,en
meter help plot came request supply people morning land pipe land morning lease,tenure,en
needed illegal title please land title illegal wire illegal families,tenure,en
land please tank missing water promised tank supply families came,water,en
still street street road again blocked supply damaged since urgent pipe children came road,road,en
missing flood blocked dirty community road road path office help damaged needed people road,road,en
damaged water morning unsafe dust unsafe smell street road our flood again,road,en
night please came meter dirty illegal urgent broken last land illegal drain unsafe broken month,tenure,en
dirty families urgent broken waste promised waste children blocked water please area,sanitation,en
blocked meter area children urgent came light drain dust dirty waste land smell illegal blocked area,sanitation,en
please pipe month affected blocked street blocked path tank water month children lease street supply,road,en
blocked came flood action road last cut damaged tank dust tank blocked missing tap road,road,en
street since cut road many street damaged road action pipe ward,road,en
dust children night again delayed plot dirty title path our office lease land ward dust title,tenure,en
road land again drain power road blocked street road old again people path road,road,en
area area tank water children please action waste promised cut water cut pipe cut,water,en
unsafe drain dirty dirty meter office since came promised blocked dirty drain blocked,sanitation,en
unsafe people drain plot since road street blocked blocked again morning urgent road,road,en
tank waste power unsafe damaged affected came dirty ward community meter smell delayed,power,en
smell broken broken ward water pipe street water cut supply urgent needed water pipe,water,en
meter wire since cut illegal cut tank blocked power urgent urgent request wire,power,en
pipe last power needed promised came families pipe pipe promised land wire broken dirty light,water,en
needed pipe illegal illegal still water title dirty land came,tenure,en
illegal tank lease nobody title plot lease blocked children action illegal tank please help blocked,tenure,en
morning plot drain last waste area land came drain waste authority please,sanitation,en
community water since power action urgent water flood water meter many nobody,water,en
action authority water meter area missing water pipe area tank tank broken water authority missing community,water,en
many our needed authority meter supply our land title power unsafe help meter power,power,en
plot broken night path water children community needed promised blocked damaged ward missing,road,en
wire tank promised wire cut please wire cut please please,power,en
broken still authority street wire unsafe children damaged blocked damaged authority title unsafe broken damaged,road,en
ward land still road plot path smell children flood smell flood road,sanitation,en
blocked land urgent blocked request still missing land illegal community land ward blocked,tenure,en
street still wire broken land morning light light cut missing cut our lease land power,power,en
plot authority community wire since land illegal help land land lease,tenure,en
illegal smell office last water waste blocked waste flood since pipe drain,sanitation,en
broken still morning tank night unsafe street tank night,water,en
families authority again dirty road nobody delayed road broken damaged community families blocked damaged,road,en
month illegal month unsafe children street night dust damaged damaged request,road,en
street broken last came unsafe morning action flood promised affected damaged blocked meter,power,en
road office flood still power title street dust morning still urgent,road,en
delayed tap pipe land month tank needed delayed pipe promised illegal,tenure,en
street night month drain blocked path drain light drain again unsafe broken many waste community dirty ward,sanitation,en
tank area flood urgent our tank pipe morning affected supply tank drain night,water,en
delayed illegal lease wire dust delayed office land came plot plot office power,tenure,en
missing broken morning title flood plot dirty needed smell office old action flood dirty office,sanitation,en
area office dirty dirty night water night affected dirty supply urgent broken,water,en
blocked help please path affected damaged damaged came land tank delayed request flood road missing,road,en
lease ward area supply morning pipe illegal cut,water,en
street damaged cut path meter supply request authority damaged street night still flood families still,road,en
still supply morning unsafe light cut wire action illegal power broken families pipe,power,en
lease nobody delayed road affected dust road smell dust please blocked came dust community illegal,road,en
community authority flood waste dirty urgent smell ward smell blocked,sanitation,en
pipe last illegal plot promised blocked land cut tap wire families help waste lease,tenure,en
request path waste drain dust morning blocked road meter street ward dust,road,en
pipe tank plot broken supply dirty supply pipe ward ward again month water night last,water,en
request water smell dirty request last came damaged blocked flood illegal dirty,sanitation,en
tank tank promised again promised affected dirty urgent cut wire pipe needed,water,en
help tank ward many water supply old supply path area came delayed path,water,en
cut power meter old damaged light affected light came since supply wire cut action,power,en
supply request meter water tank smell flood street came families supply plot night broken road water again,water,en
still path light office light urgent light land cut road power,power,en
street broken supply area water area road promised light tank,water,en
unsafe urgent area light meter morning power people broken needed pipe many light title,power,en
illegal cut cut meter damaged needed meter again land wire night,power,en
drain damaged smell request drain flood wire night many,sanitation,en
still wire drain pipe drain nobody water community water last area drain action,sanitation,en
missing many road dirty came unsafe children please unsafe flood drain old,road,en
smell blocked waste dirty urgent water waste drain request nobody drain smell again last promised,sanitation,en
wire came dust water request water supply water supply urgent,water,en
road broken dust community street flood night ward unsafe street damaged,road,en
office lease drain broken supply lease plot title last illegal action community title affected,tenure,en
light nobody smell illegal needed children illegal area lease title,tenure,en
meter cut power unsafe tap pipe broken help path nobody drain cut morning office month office,water,en
flood unsafe night wire families smell dust supply affected waste came drain broken request,sanitation,en
affected wire delayed since missing wire power broken light promised,power,en
community unsafe lease delayed came lease dirty action illegal delayed title,tenure,en
power please came power plot last old illegal wire power area dust unsafe illegal,power,en
office road dust needed delayed area blocked damaged street dust flood road people came,road,en
title wire people light supply children illegal urgent people tank wire affected nobody wire,power,en
supply title night smell tank families pipe again tank since pipe old,water,en
people power came wire cut children broken wire supply light dust street wire children still light flood promised,power,en
still people broken dirty unsafe water our ward pipe tank,water,en
plot action area plot land land still broken old tank missing plot path,tenure,en
still authority delayed water urgent supply water path supply tank,water,en
cut waste promised cut power again meter power needed nobody still urgent meter meter,power,en
damaged broken path morning flood urgent damaged please blocked affected morning damaged,road,en
area dust flood unsafe night flood morning blocked blocked dust children power,road,en
wire illegal again cut morning unsafe ward illegal old damaged ward cut meter came,power,en
authority flood action blocked urgent request please blocked families road road road light,road,en
land needed water pipe tap missing cut supply smell authority since came our,water,en
broken again people broken land families lease title water tank ward illegal pipe missing community action,water,en
children smell help blocked dust delayed plot broken drain water many,sanitation,en
dust needed smell children drain drain land waste needed nobody ward ward drain,sanitation,en
month blocked broken broken supply last since path waste drain,sanitation,en
street road action tank illegal affected office many missing dust path urgent,road,en
delayed meter wire smell since last office unsafe broken land water cut power power,power,en
supply promised illegal action power damaged path old street please action request,road,en
families our lease our road ward light lease action pipe our cut light meter meter,power,en
waste flood meter month waste affected office waste since street missing,sanitation,en
flood night delayed water ward drain last dirty waste drain children,sanitation,en
promised smell road flood month meter waste cut flood action wire street,sanitation,en
blocked missing path path flood plot land morning land help damaged again affected,tenure,en
cut plot month office power delayed affected area power power pipe light dirty unsafe,power,en
waste plot authority blocked broken road promised path smell last street came blocked,road,en
urgent our path pipe road old wire blocked road street our path community unsafe promised,road,en
many lease water dirty cut supply tap broken urgent people ward,water,en
power cut wire our cut ward title unsafe office month cut,power,en
water many came still street office illegal waste dirty flood came blocked dirty,sanitation,en
street again street road needed our lease dust street people morning broken authority road drain tank,road,en
broken office ward many meter dust water meter unsafe night affected power light broken,power,en
flood blocked pipe many children road meter unsafe unsafe area,road,en
since area power waste old title land delayed lease community action request morning,tenure,en
waste month nobody flood pipe pipe smell families authority supply tank night waste community supply blocked tank tap,water,en
unsafe last action since power flood light light meter,power,en
many affected drain request plot flood illegal ward blocked help,sanitation,en
illegal light cut path supply wire community came pipe cut action flood unsafe light lease,power,en
plot month month ward broken wire month cut wire night,power,en
community pipe water water promised water dust families dirty nobody cut needed,water,en
meter affected many unsafe power community light cut land street,power,en
street flood please children needed flood again office damaged light tank street,road,en
wire meter help needed land illegal still cut broken unsafe urgent people,power,en
land people smell unsafe last pipe request blocked smell needed smell,sanitation,en
drain request missing broken smell broken title since flood action plot morning urgent night,tenure,en
illegal area dirty supply again since street lease people many illegal help flood land,tenure,en
ward area dust waste damaged broken request flood damaged many last drain drain again flood drain lease,sanitation,en
damaged authority plot lease missing delayed families illegal title area missing old,tenure,en
came title path families broken path drain nobody broken,sanitation,en
road dirty road dust power damaged broken urgent urgent action still our again,road,en
dirty road unsafe ward blocked last broken authority power,sanitation,en
road unsafe month urgent pipe affected dust dust unsafe blocked last children,road,en
path office road pipe night road our blocked delayed path many night,road,en
cut power came wire wire flood broken authority since broken dirty cut urgent light meter month flood,power,en
nobody street road water still path families street dirty still dust families street lease people unsafe,road,en
families action plot light dust lease lease plot land many missing families last street missing,tenure,en
tank please wire broken smell tap power light smell ward power title unsafe action,power,en
morning nobody drain many waste request many tank title promised waste smell,sanitation,en
waste illegal many delayed meter community office power power damaged office light delayed,power,en
urgent tank missing water many pipe supply light morning affected smell smell morning,water,en
ward urgent please illegal wire delayed unsafe people tank broken broken illegal wire,power,en
again dust dust action path path street damaged path power month,road,en
unsafe flood water old smell please broken unsafe street waste action power drain light our,sanitation,en
many old smell since water blocked help many broken needed smell drain dirty still,sanitation,en
light path damaged came path nobody our waste office street illegal drain since water smell,sanitation,en
old promised damaged plot office street dust dust drain street affected missing,road,en
damaged tank blocked night blocked flood last morning drain road water,sanitation,en
broken unsafe wire unsafe meter illegal illegal light month power community children,power,en
came area help tank unsafe water our pipe supply plot broken authority again,water,en
missing smell cut cut nobody flood light children meter nobody month children light,power,en
needed area missing dust tap water community pipe damaged help,water,en
drain land month lease community smell dirty action waste dirty drain families still,sanitation,en
last children affected wire meter broken since drain drain power wire action cut,power,en
flood damaged illegal ward authority light flood meter came power night meter affected,power,en
road help pipe pipe tank broken dirty pipe cut action night affected,water,en
smell still urgent request drain waste blocked drain lease,sanitation,en
tank came old waste lease missing illegal last missing dirty came,tenure,en
waste affected broken authority dirty drain meter water water flood nobody,sanitation,en
unsafe blocked tank please street ward path ward damaged authority flood dust,road,en
month action title authority plot since plot night came illegal blocked,tenure,en
broken flood smell plot blocked drain nobody waste morning street waste children broken affected community area,sanitation,en
plot dirty unsafe missing old dust our action plot affected land action old land illegal,tenure,en
road community month dirty supply dust pipe tap tap authority people pipe pipe street,water,en
night tank broken blocked light ward light title again flood unsafe light came,power,en
title land title missing nobody urgent path road still came promised,tenure,en
since waste missing morning morning land land delayed title plot request cut people plot community,tenure,en
many dust dust needed dust path damaged old community night area drain path,road,en
waste light blocked promised since meter road drain our again morning flood flood dirty,sanitation,en
blocked path road morning needed dust damaged month nobody path road urgent community missing,road,en
drain dirty water still again dirty light dirty old nobody,sanitation,en
supply urgent authority last children power tap since water damaged water old cut,water,en
lease needed illegal road affected land land missing smell illegal authority,tenure,en
still damaged since flood many broken waste authority help illegal flood smell delayed many,sanitation,en
authority plot pipe request our cut title missing,tenure,en
road lease title plot light please action title office title morning morning land,tenure,en
meter drain meter light cut broken promised affected light supply illegal wire office,power,en
since plot urgent missing plot flood urgent title flood many land missing lease,tenure,en
delayed land lease title community plot area lease again power illegal,tenure,en
dirty blocked dirty morning help plot please path broken blocked flood nobody action month tank waste,sanitation,en
smell lease smell still promised water water pipe broken urgent broken tap dirty,water,en
broken since light smell office drain blocked flood morning please missing road blocked,sanitation,en
urgent pipe light our cut dirty broken pipe drain missing since water cut,water,en
waste again waste power area please people smell smell water,sanitation,en
please again tank office land illegal promised illegal land night cut land,tenure,en
supply plot blocked office dirty since tank water damaged still delayed many community water morning cut,water,en
light power office office morning power blocked old power power dirty needed,power,en
light flood tap children community pipe water cut ward still blocked drain blocked supply path help,water,en
needed old waste urgent drain light drain land month dirty,sanitation,en
morning blocked dust dust nobody flood missing many unsafe since community damaged flood,road,en
power delayed power damaged light promised action power dirty water waste action dirty meter,power,en
smell smell office urgent dirty month dirty authority waste water many smell authority dirty,sanitation,en
cut nobody families flood power blocked illegal action unsafe waste light action please land missing,power,en
area request office road power drain street missing street,road,en
pipe came meter still plot plot drain land still dirty people,tenure,en
cut since dust blocked smell morning dirty flood office meter affected help flood supply smell,sanitation,en
again came dirty people please night waste street water smell smell title,sanitation,en
community land plot office lease action road delayed meter,tenure,en
wire our meter action meter meter again cut meter drain many,power,en
ward blocked street last dust damaged path damaged water dirty illegal water street morning,road,en
path path urgent needed damaged dust street delayed road affected blocked area request people drain dust,road,en
please again drain drain broken tank promised children request water pipe tank broken dust,water,en
delayed illegal since road blocked blocked children road path people last families,road,en
since flood drain road broken people waste families smell flood old,sanitation,en
request cut tap dirty last delayed people pipe supply still tap our area,water,en
unsafe road pipe road please flood community plot street community flood unsafe again authority light,road,en
drain tank families promised smell old flood families request waste drain affected still,sanitation,en
many delayed lease blocked drain blocked authority illegal dirty waste children,sanitation,en
illegal missing night missing came please broken blocked,tenure,en
needed dirty please people meter meter power broken authority light tank pipe needed smell promised,power,en
please waste delayed wire street road street dust please blocked promised needed street,road,en
people action tank dirty power night supply urgent old smell tank tap families,water,en
drain title authority land morning delayed affected plot,tenure,en
night help power ward damaged title urgent power unsafe plot authority authority power,power,en
cut unsafe missing cut help broken many blocked illegal people title promised urgent damaged office,power,en
children cut wire community broken power request nobody illegal light,power,en
unsafe water supply illegal supply tank supply pipe many our meter families action plot request month,water,en
action title ward title promised plot damaged drain flood illegal street nobody missing area,tenure,en
urgent affected street month wire last people meter road path needed damaged,road,en
broken dirty dirty urgent waste damaged area street ward drain broken people waste area,sanitation,en
illegal community blocked dirty water old ward still tank,water,en
help request authority plot authority land delayed tap drain pipe request illegal lease,tenure,en
damaged broken path children many flood since street illegal month still,road,en
again land title lease unsafe illegal missing cut drain tank since authority supply many supply,tenure,en
nobody wire light meter people please damaged unsafe damaged supply,power,en
drain title please illegal land illegal wire cut night street delayed title help,tenure,en
title came missing old waste lease waste unsafe lease old month since drain,sanitation,en
cut unsafe tank wire land power request children missing office month delayed ward cut delayed,power,en
old missing pipe old office supply since supply our pipe water,water,en
water water power cut supply supply affected ward ward pipe morning supply path,water,en
blocked delayed needed missing street meter morning children please land supply blocked plot missing,road,en
promised waste children dust waste path blocked dust dirty smell office,sanitation,en
lease supply people night urgent cut area pipe road,water,en
drain needed water please water still tank supply,sanitation,en
unsafe children supply supply pipe power request supply cut morning urgent illegal land ward tank,water,en
morning cut power unsafe our title power waste pipe month road,power,en
path supply broken meter delayed land people urgent land needed,tenure,en
missing pipe affected plot cut smell our old lease tap area promised tap supply,water,en
unsafe community title night path water path ward families waste flood path came again,road,en
missing illegal still promised illegal title night missing missing land plot dirty needed office families,tenure,en
promised plot lease light request please title lease title lease office title light night,tenure,en
missing help last dirty plot needed delayed land missing pipe night plot title water wire,tenure,en
dirty missing office dirty pipe pipe families affected tank dirty affected still night,water,en
since plot still supply urgent help request urgent land smell illegal plot title,tenure,en
path dust action illegal morning path blocked last light road our,road,en
promised illegal lease supply land morning plot path action damaged community community,tenure,en
tank meter help lease affected land urgent still again water pipe wire,water,en
community broken blocked nobody smell dust wire area families urgent,sanitation,en
people morning water dirty flood unsafe delayed road still plot smell community,sanitation,en
last street community drain lease children unsafe blocked blocked street request meter,road,en
ward supply power dirty community office nobody pipe tank,water,en
wire request light dirty since promised nobody area cut power tank light road wire since,power,en
illegal pipe last water title children supply night flood night tank action request wire,water,en
title many illegal month land needed old broken tank missing title ward,tenure,en
needed unsafe nobody blocked authority broken request office power flood missing broken broken,power,en
path missing community delayed power our damaged illegal cut power road land office delayed,tenure,en
plot plot plot broken many request title lease request light lease area still land power,tenure,en
meter waste power light cut road again affected families lease again,power,en
morning water families cut pipe office help pipe title broken old,water,en
children community dirty broken drain authority drain many dirty flood light damaged broken,sanitation,en
tank tap since last blocked families road delayed needed supply supply morning ward tank water,water,en
pipe broken dirty pipe broken drain please request area flood community smell light,sanitation,en
last tap illegal office children title nobody broken water community plot land road dirty,tenure,en
meter lease blocked urgent lease old path delayed authority cut title community request request,tenure,en
smell damaged last broken blocked supply urgent came drain again request light flood blocked many broken,sanitation,en
path power supply help missing came road path lease families road damaged pipe unsafe,road,en
dirty community action dirty promised supply request nobody cut blocked affected,water,en
path street plot plot community plot children illegal urgent broken lease drain,tenure,en
still families again families broken supply damaged again night broken pipe smell damaged delayed,water,en
promised needed broken cut missing meter supply power power our last month illegal meter,power,en
meter area since smell dirty title blocked affected old,sanitation,en
lease plot delayed request our flood plot request title cut community flood light,tenure,en
blocked many missing street street night road street month dust damaged,road,en
lease title morning area community again title tank dust old since street street please delayed,tenure,en
tank families flood dirty ward supply since people people tank dirty path families supply,water,en
nobody land dirty old needed our meter power lease pipe night plot,tenure,en
came night light missing needed many came meter cut power drain morning,power,en
needed still illegal since meter ward please community old wire meter,power,en
flood plot flood last cut nobody came night smell night blocked affected dirty delayed title delayed lease waste damaged,sanitation,en
delayed needed title urgent old promised illegal plot drain land plot,tenure,en
last again cut pipe water families broken pipe help water tank,water,en
wire supply blocked cut many since power waste dirty promised flood children supply blocked urgent families flood,sanitation,en
missing people action dust path unsafe illegal dust water flood nobody area our still unsafe meter,road,en
pipe dust many drain morning road still broken supply path community still unsafe pipe street flood,road,en
night ward delayed street blocked blocked action illegal lease land,tenure,en
office path tank water needed families pipe power children morning meter pipe water broken,water,en
ward urgent month tap missing affected smell tap unsafe still month tank supply,water,en
damaged drain blocked families street delayed community path night affected blocked,road,en
old land land morning affected plot area path title title help broken office meter affected,tenure,en
meter last wire people drain again tap water water dirty,water,en
urgent meter since children road road community blocked road dust road nobody ward,road,en
flood supply morning ward area cut old illegal waste unsafe wire,power,en
still promised smell smell power drain meter land power morning please flood illegal urgent authority dirty light,power,en
again road needed damaged illegal lease promised request missing again street light wire lease,road,en
help office since illegal plot power please dirty light meter,power,en
title title plot our people lease title missing community light,tenure,en
help cut month unsafe power action cut illegal affected illegal flood last dirty,power,en
water power water illegal old urgent last tap water old still,water,en
office since authority meter power unsafe needed old community came power,power,en
pipe still urgent cut water since water delayed families dirty missing dirty street,water,en
cut urgent please people tap delayed cut drain cut office cut pipe old supply,water,en
action land missing urgent wire lease still illegal power damaged month title still,tenure,en
lease road blocked blocked night land road dust street people children,road,en
water illegal damaged blocked missing came came tap drain dirty night,water,en
many old delayed request light missing needed needed plot land action broken,tenure,en
lease street flood cut many dust land morning path still unsafe title dust,road,en
people many needed unsafe supply nobody promised cut tap promised broken street pipe dust tank,water,en
missing lease request affected lease people office children drain plot title illegal,tenure,en
broken still missing children drain street unsafe community water dust promised wire flood,road,en
our dirty smell broken delayed affected tank blocked help ward waste,water,en
unsafe again children ward path dust again waste drain dirty path street path power power unsafe last,road,en
unsafe tank delayed nobody last power wire power help help wire light,power,en
drain flood children meter dirty many drain dirty needed,sanitation,en
power light delayed old help night children plot morning our,tenure,en
waste missing plot our title road authority children please last drain many waste title land plot illegal smell,tenure,en
morning unsafe nobody morning wire urgent waste power cut month broken our cut,power,en
pipe urgent dust again flood blocked came help blocked dust meter illegal broken,power,en
area street affected street community urgent road help path children flood illegal broken,road,en
pipe still lease illegal power people ward power many again affected illegal,power,en
last urgent flood office drain water path nobody our still wire cut supply,sanitation,en
office dust request illegal plot damaged path dust missing month morning title land,tenure,en
our power area dust light help wire damaged power power again,power,en
help illegal needed action plot missing title old delayed title delayed,tenure,en
wire light blocked unsafe ward unsafe wire illegal still many still nobody last,power,en
waste broken waste children broken water dust promised power last path,sanitation,en
area water missing waste flood blocked please came waste still many families waste broken wire,sanitation,en
office power light pipe meter our affected smell,power,en
pipe affected delayed children request old pipe meter cut tank tank broken families request affected,water,en
old people pipe came again affected request lease missing needed delayed plot blocked,tenure,en
flood broken help office night old waste smell please delayed request request damaged smell title drain,sanitation,en
broken blocked damaged affected blocked community dust water flood path path waste promised people road ward,road,en
plot illegal meter night power affected power meter meter path dirty still,power,en
flood road road nobody delayed flood since road still unsafe many blocked blocked dust office,road,en
action came wire since wire path blocked office illegal light water wire title broken,power,en
plot title people wire our meter month power delayed drain plot office plot month old missing,tenure,en
land land children families authority illegal please street land delayed office light waste land action power land,tenure,en
street dust dust came dust street meter still families drain children street path,road,en
month lease plot our request please many waste title still land plot land delayed,tenure,en
illegal people broken water affected request plot wire affected water,water,en
request dirty dust cut since last supply water lease illegal meter delayed affected came,water,en
blocked ward broken damaged blocked dust office promised water pipe smell community,road,en
authority road families blocked flood smell promised flood help month blocked smell dirty,sanitation,en
unsafe waste damaged authority path many month affected path dust road cut,road,en
blocked dirty drain affected office title came nobody affected waste broken area blocked,sanitation,en
illegal came meter wire cut request families delayed wire blocked broken our please wire lease action,power,en
action lease flood since street month since flood road blocked last road street dirty help title,road,en
request water area office missing area cut blocked damaged land street drain,road,en
waste community illegal waste still drain area area smell illegal delayed action smell,sanitation,en
title damaged morning morning unsafe office path illegal,road,en
flood blocked nobody last road children area road road unsafe,road,en
blocked promised action our land road light many road street children damaged unsafe,road,en
promised supply needed dust drain people urgent lease plot plot since illegal delayed title broken title cut ward,tenure,en
our ward since again drain cut supply flood old flood waste night land dirty request,sanitation,en
pipe tap delayed cut supply again water people dust area request water supply request promised water,water,en
needed damaged tank cut families area illegal again land still title,tenure,en
missing tank needed help lease missing title promised help last plot tank many,tenure,en
community request since meter meter wire our meter flood morning please land light,power,en
water needed supply delayed tank request dirty last cut meter dust delayed tank cut supply,water,en
nobody nobody power promised plot people tank families many wire lease land title land lease drain unsafe,tenure,en
old road unsafe unsafe affected children came damaged cut dust month road street,road,en
waste missing broken path please blocked flood children street blocked nobody unsafe water water,road,en
path supply title office road our path affected request street children path dust,road,en
unsafe blocked road month children street damaged illegal damaged water last illegal action,road,en
dust night meter lease light month light illegal ward action last power wire broken our,power,en
water promised affected drain cut dirty broken pipe unsafe cut waste morning dirty,water,en
request light morning power illegal smell waste waste community broken blocked power community please,power,en
night drain wire since blocked waste request pipe wire broken action illegal delayed people broken community,power,en
tap action light again broken supply our cut people urgent tank cut,water,en
old waste flood flood came broken tank title community please since street lease,tenure,en
tap cut tap street unsafe community street unsafe plot street broken night path month flood,road,en
community drain smell needed broken tank many flood waste supply power urgent supply,sanitation,en
supply tap title dirty blocked pipe street plot tank title promised office tap office urgent,water,en
nobody night promised light light broken broken delayed action request power waste power,power,en
meter light children blocked since again wire children dust cut,power,en
ward plot promised waste land broken title action still lease office,tenure,en
road children unsafe blocked broken road our drain cut dust promised smell path cut morning urgent,road,en
wire water urgent wire again area illegal cut old land light light people,tenure,en
path nobody dust road street area since needed flood nobody damaged nobody tank illegal street,road,en
night road night delayed supply land ward ward pipe drain ward flood community water flood,sanitation,en
title night old drain delayed light title office title plot community lease,tenure,en
path broken came flood blocked tank area promised road needed path dirty authority affected road,road,en
plot land blocked morning title lease water missing title damaged flood missing children last,tenure,en
morning promised blocked ward dirty still illegal promised again pipe land flood blocked plot,sanitation,en
drain flood help street missing night water help children came smell blocked broken,sanitation,en
unsafe meter lease meter light meter many cut month help dirty illegal,power,en
please wire dust street blocked meter meter light illegal power supply since path children path cut,power,en
path pipe dust plot dust area urgent still road community old street still illegal,road,en
land plot title month old since community morning street,tenure,en
illegal tank flood children still blocked promised water drain,sanitation,en
illegal path blocked road light urgent night children flood power unsafe dust,road,en
plot supply request land damaged dust dust damaged title office street affected road broken tank needed,road,en
waste title light flood road waste missing smell many dirty many came nobody dust came,sanitation,en
old plot children title delayed needed land families our delayed delayed still missing nobody,tenure,en
title smell many action our delayed dirty since tank cut cut waste ward,sanitation,en
since request action urgent authority road dirty pipe drain dirty drain month title blocked,sanitation,en
many morning many title plot last night water title illegal cut smell tank illegal old,tenure,en
title smell cut children drain again blocked ward light,sanitation,en
supply authority month land again last authority delayed lease office plot,tenure,en
road road dust tap promised cut still dust action street action blocked road tap street road,road,en
nobody supply path flood title again lease month water affected action lease pipe delayed lease,tenure,en
pipe pipe supply pipe morning supply office light wire affected light title pipe community illegal,water,en
meter flood meter again meter old nobody cut office dust power,power,en
please wire meter ward last light pipe meter meter meter help,power,en
promised tap last plot dirty drain tap light office authority area again missing,water,en
blocked smell since illegal area delayed missing ward many children delayed promised smell plot delayed missing path drain,tenure,en
help dirty supply morning plot flood street unsafe pipe dust again dust,road,en
promised illegal power pipe cut unsafe power missing wire help affected smell meter,power,en
promised last water month cut dirty supply tap pipe,water,en
road area supply supply families water supply still supply families dust last,water,en
pipe again since illegal dirty help tank meter help unsafe pipe flood delayed supply,water,en
help lease delayed children month land old smell street ward delayed lease,tenure,en
road area lease lease help lease families plot,tenure,en
water meter needed delayed smell urgent water affected dust please water cut pipe,water,en
night plot flood land night land land plot meter affected lease,tenure,en
road street road office community path promised waste action,road,en
tank street month pipe dust flood road help request needed urgent pipe damaged children,road,en
community unsafe title wire still meter water illegal please street light power power,power,en
delayed month land illegal missing lease supply needed missing delayed our urgent pipe,tenure,en
meter meter blocked wire action month light again light cut wire light meter ward,power,en
came title plot illegal wire illegal promised plot people plot children old people smell,tenure,en
supply cut water path lease path tank help came still water delayed,water,en
our meter illegal power illegal land water supply supply pipe ward land night,water,en
delayed promised cut please meter power affected tank morning illegal light please illegal request,power,en
morning meter many path meter power night cut wire power dirty authority,power,en
drain since please lease night drain damaged water dirty smell dirty pipe month authority drain land,sanitation,en
dust community drain cut people came urgent drain wire our dirty waste water waste,sanitation,en
our area waste help night authority month smell blocked waste smell road meter,sanitation,en
blocked last people old drain title meter blocked night families cut broken dirty illegal plot path,sanitation,en
nobody flood tap still road supply pipe children,water,en
action wire path dust meter many promised old request street street people,road,en
supply came tap people broken blocked delayed broken affected help tank blocked dust,water,en
plot title action drain plot still ward power,tenure,en
broken old nobody unsafe smell month water street title action water water tap blocked cut community since please,water,en
area title came night missing community water missing children since dirty lease title title,tenure,en
came dirty tank pipe wire supply pipe tap drain nobody promised tank,water,en
water water needed office waste help people waste damaged water flood plot dirty since,sanitation,en
dirty authority waste again waste help affected flood needed dirty smell waste,sanitation,en
request street cut authority road path street wire night supply please,road,en
supply action people path dust request path affected night dust street,road,en
old month authority community supply light urgent unsafe plot broken land,tenure,en
water drain dirty office title dirty water land people dirty drain needed night supply urgent,sanitation,en
families request power night cut tank unsafe wire waste help,power,en
unsafe road action light morning people title broken help,power,en
ward dust community meter promised please please illegal meter illegal again power,power,en
people still broken water people water help land supply blocked waste community please,sanitation,en
area our damaged road pipe affected dirty damaged path authority street authority morning,road,en
delayed meter power morning unsafe children supply broken waste broken affected office waste blocked wire,power,en
month water month people delayed dirty our waste waste broken many promised flood path drain,sanitation,en
road blocked blocked request since road community street many families illegal unsafe unsafe,road,en
illegal water meter smell supply authority our water smell broken action land,sanitation,en
children blocked power request office cut illegal broken needed power meter,power,en
families office month old title power still path illegal action plot path plot help,tenure,en
cut delayed plot tank authority damaged many tank land last nobody supply land authority plot,tenure,en
flood help title request power wire promised unsafe lease dust area broken,power,en
night flood waste blocked drain waste area pipe path drain path again drain,sanitation,en
came missing supply plot land unsafe still road flood nobody,road,en
came tap smell tap water dirty authority wire damaged since supply,water,en
water office dirty last cut road dirty month water month plot month,water,en
broken supply ward please cut many please office light promised flood,power,en
cut pipe urgent needed power last cut office land tap needed,water,en
cut last cut many our affected night wire title illegal,power,en
unsafe unsafe authority month authority month power supply dust blocked families dust,road,en
waste land action tank water needed drain drain drain smell urgent,sanitation,en
land since still night drain water came smell waste,sanitation,en
delayed tank damaged night lease since community illegal please broken please office land path,tenure,en
delayed flood dust urgent nobody damaged children light land title missing plot action delayed,tenure,en
affected dust land missing plot office our nobody title delayed since land action street,tenure,en
power month delayed path light power light action our office waste power please,power,en
pipe light last needed meter wire waste promised water authority light flood,power,en
missing land drain unsafe land request land illegal request office old office children smell people,tenure,en
people ward promised blocked dust broken pipe month night title blocked plot missing drain,sanitation,en
title illegal children came authority illegal wire land cut street ward light again title,tenure,en
dust plot delayed water waste dirty help dust children people unsafe smell,road,en
flood nobody last last land lease area missing missing land meter land lease lease,tenure,en
water area missing plot morning people tap land missing land please,tenure,en
urgent children illegal power action unsafe pipe our power drain path morning power came light cut,power,en
waste morning smell many help damaged illegal action dirty dirty nobody lease,sanitation,en
supply people illegal pipe water cut came cut water water power smell water smell community,water,en
community area illegal area lease power plot wire land pipe our authority land needed,tenure,en
unsafe urgent water water promised night tap illegal broken,water,en
land again cut ward waste smell waste ward title action families affected,sanitation,en
flood morning broken flood our smell flood ward since road people office broken waste,sanitation,en
path pipe area people drain blocked pipe broken water pipe help,water,en
land wire families missing road morning nobody street lease,tenure,en
drain authority drain waste children smell road action blocked urgent community dust many,road,en
last missing office land lease cut delayed our title lease cut,tenure,en
families damaged pipe street since unsafe promised meter plot help street water,road,en
urgent dust dust supply please authority families road meter again dust road damaged dirty damaged,road,en
authority title wire plot street unsafe many illegal month unsafe missing land old area,tenure,en
unsafe water pipe waste waste last urgent blocked children our our waste illegal children,sanitation,en
community still broken dirty again dirty dirty flood came missing tank supply supply needed dust,water,en
ward old last help light land lease land path urgent old delayed,tenure,en
dust cut month path street authority cut families office blocked request ward damaged meter,road,en
affected title wire meter water office meter unsafe our area light month office,power,en
unsafe last still unsafe cut affected supply light pipe meter tank came tap children,power,en
night title delayed land title tank unsafe title plot promised delayed night action,tenure,en
illegal cut lease people broken still flood many affected broken smell,sanitation,en
area meter meter people drain families light unsafe meter old water cut tank tap last,power,en
pipe pipe dirty promised authority cut pipe ward water meter supply pipe wire again,water,en
path drain action pipe nobody cut dirty waste children unsafe children,water,en
waste came water water waste flood many morning,sanitation,en
pipe needed ward office office tank our smell tap illegal,water,en
wire since old wire wire request again path damaged meter tank wire meter,power,en
missing old please drain dirty needed promised urgent waste dirty broken old night,sanitation,en
dust delayed please pipe urgent came street meter land our people unsafe wire damaged please,power,en
many morning supply night our lease delayed unsafe tank supply water again,water,en
power broken wire street help power illegal cut meter damaged promised illegal still,power,en
water flood affected area action title last pipe wire waste light drain flood,sanitation,en
help land lease street title office plot tank waste pipe nobody,tenure,en
office many road blocked blocked wire drain morning road dirty cut last road water supply,road,en
wire broken blocked power light dirty ward waste light action blocked broken morning drain,sanitation,en
old waste promised blocked broken lease waste smell please flood waste blocked ward,sanitation,en
dust wire unsafe cut lease month since light needed,power,en
dust families flood night light flood drain many blocked road street promised road,road,en
old area land night since help damaged illegal ward title help title,tenure,en
street office authority dust help dust damaged street cut dust,road,en
dust water request broken dirty dust road dirty lease smell drain dust needed nobody,sanitation,en
street request authority supply dust needed ward office street blocked old,road,en
dust since dust path many title path flood again road came cut damaged blocked path,road,en
blocked night community title urgent plot missing broken delayed needed unsafe missing missing power missing ward,tenure,en
dirty pipe land action morning unsafe morning help month cut supply pipe community broken delayed wire,water,en
flood broken water pipe water ward month community broken dirty help plot,water,en
title lease supply ward lease families still needed supply tank tap tank illegal plot wire,water,en
path children path land last unsafe tank last road road road,road,en
please plot help plot missing delayed waste needed ward again illegal,tenure,en
community night missing delayed community since old plot illegal plot since missing smell plot,tenure,en
families water action dirty flood road last street blocked dirty,sanitation,en
title flood area again title since delayed since wire title supply dust many drain last illegal broken,tenure,en
title families nobody waste wire illegal office morning smell affected drain light,sanitation,en
road community unsafe children dirty wire cut illegal promised power needed month,power,en
title ward plot delayed water help path light broken plot title authority,tenure,en
title drain dirty blocked plot delayed delayed flood authority drain our action plot,sanitation,en
request road dust still wire drain blocked damaged light area path area road damaged our power,road,en
action ward affected broken smell illegal dirty water authority illegal broken urgent illegal path families,sanitation,en
ward flood came people flood came action blocked blocked power smell smell last light,sanitation,en
drain needed many smell power unsafe supply people children tank community wire smell help broken,power,en
road road meter pipe unsafe water wire flood needed ward street action nobody power,power,en
cut damaged illegal cut request cut promised cut drain month nobody flood please,power,en
morning title plot still request title pipe dirty land meter cut lease blocked,tenure,en
water tank families cut month pipe water supply damaged families morning supply,water,en
urgent nobody meter path office please wire road request still street road,road,en
lease lease street land illegal land land title delayed many people road month,tenure,en
flood dust road nobody blocked path street ward night smell path help,road,en
authority path land our title action nobody plot damaged,tenure,en
help children meter community still cut cut pipe illegal ward many,power,en
flood pipe people cut power unsafe affected area action damaged meter,power,en
authority came came supply missing water tap lease families pipe illegal families morning tank supply,water,en
people cut tap meter night broken meter unsafe road illegal promised cut,power,en
unsafe broken many families tank children tap wire area damaged water illegal supply,water,en
blocked dirty waste drain smell our nobody land ward dirty needed ward drain,sanitation,en
broken action water tap our supply request water children ward street,water,en
night urgent still power lease light please lease power meter action power area smell,power,en
help dirty dirty old waste smell urgent blocked dirty flood title promised,sanitation,en
request dirty water flood please delayed road children our smell families came dirty drain old,sanitation,en
cut title office since land families nobody illegal plot old plot blocked,tenure,en
morning children waste community smell drain delayed people drain flood,sanitation,en
land street since land families community water title title illegal,tenure,en
land month street plot broken land needed illegal street meter area illegal action promised missing please,tenure,en
help many path flood tank drain since month water tap office flood supply,water,en
came illegal tap please again meter request month cut pipe road,water,en
still nobody morning dirty street street flood smell urgent again,sanitation,en
tank ward people office supply dirty tap drain blocked supply,water,en
street unsafe cut street flood still waste dust path affected last children authority,road,en
dust urgent families tap title lease area tap title supply delayed land missing unsafe our,tenure,en
damaged help promised dust drain flood dirty cut many community request,sanitation,en
broken power smell many pipe authority light power power morning meter,power,en
old needed request please dirty illegal lease title path last night urgent,tenure,en
night title plot missing road lease help area month land missing plot missing affected old last,tenure,en
plot missing smell lease missing urgent power since title old since,tenure,en
land pipe action needed area land waste blocked nobody cut many dust last missing,tenure,en
water since waste affected dirty many unsafe illegal land needed cut drain waste dust,sanitation,en
urgent wire action delayed office unsafe ward cut illegal blocked plot power unsafe,power,en
area plot land damaged affected dust land our plot old,tenure,en
broken supply meter broken last came land broken tank needed title promised,water,en
ward dust road community street urgent office please please cut power,road,en
plot promised authority broken street needed tank since supply dirty,water,en
families tank affected tank tank help supply month wire tank broken,water,en
office again promised smell illegal cut drain drain meter please,sanitation,en
dirty affected broken road nobody water nobody cut dirty dirty plot needed water water nobody,water,en
illegal again land supply title illegal tank wire plot urgent supply dirty still title many nobody missing,tenure,en
illegal broken authority pipe community broken still illegal wire meter affected morning,power,en
water supply path cut our morning supply illegal tap office ward broken,water,en
month cut water lease light lease tap water wire still ward tap request,water,en
drain smell meter title waste nobody light came power meter affected needed tank meter dust,power,en
title children pipe road plot community damaged wire street plot damaged children delayed dust blocked,road,en
water again flood missing cut nobody pipe broken water urgent broken lease office tap pipe land,water,en
path flood street street night drain dust request request blocked families children help dust road drain,road,en
smell community our area dust supply broken tank cut families authority community broken water plot,water,en
drain dirty dirty action path morning blocked lease community office meter children water plot broken tank path,sanitation,en
families dust request last lease road road again wire meter damaged path damaged delayed,road,en
since wire power request promised many cut wire people lease dirty,power,en
meter old land delayed unsafe nobody delayed power damaged smell again unsafe land authority old,tenure,en
tap smell dirty power pipe morning broken came supply dirty drain area broken our supply,water,en
promised title missing meter illegal blocked illegal delayed lease lease still please old needed,tenure,en
path authority street promised waste street smell help water drain waste dirty,sanitation,en
blocked road missing cut waste families unsafe urgent street promised authority street street community families tank,road,en
please families damaged came damaged drain title dust street missing our,road,en
blocked smell children wire families affected light our water urgent water power dirty,sanitation,en
ward lease broken many title land nobody delayed month title broken title,tenure,en
power authority wire our cut power children smell supply wire,power,en
light water cut again dirty last meter people waste damaged night since blocked,water,en
affected promised tap drain month missing land pipe wire supply last pipe water,water,en
urgent power dust road old waste plot street authority road authority,road,en
power light unsafe night again again last illegal urgent unsafe last wire missing meter,power,en
light many promised dirty water smell blocked month water tap many night waste,sanitation,en
drain tank pipe cut authority promised old unsafe our blocked cut please tap month,water,en
drain blocked dirty dirty flood request water blocked since dirty families,sanitation,en
title light help dirty action cut water action pipe dust morning pipe cut tap,water,en
community children action many authority old meter pipe wire cut tank lease blocked light tap request,power,en
dirty blocked supply morning needed smell supply supply broken our power needed please,water,en
pipe waste power delayed month action drain dirty broken smell night supply,sanitation,en
people path water month nobody dirty still children blocked still road waste pipe,sanitation,en
blocked water since community land lease last plot people our dirty old unsafe morning flood,sanitation,en
street illegal lease request illegal unsafe families smell delayed since help dirty help unsafe,power,en
ward authority old flood flood damaged since lease month damaged please,road,en
morning tank waste children again supply promised please water needed broken,water,en
area area meter cut tank wire affected cut power power pipe,power,en
water waste dirty pipe lease again children path tap blocked waste street supply people cut promised,water,en
light land promised action area title broken smell help again drain urgent land delayed title smell,sanitation,en
street affected power flood please land road road needed blocked street families unsafe area please,road,en
area road path street promised people community wire road dust dust drain street nobody,road,en
illegal title dust pipe title area promised flood again delayed old path blocked illegal waste missing,tenure,en
flood area cut blocked smell drain blocked affected pipe ward supply flood our area,sanitation,en
flood nobody unsafe drain needed unsafe drain blocked needed community dirty blocked,sanitation,en
lease illegal please delayed cut office urgent tank water,water,en
path blocked pipe path came power came office urgent dust road families dust road people,road,en
pipe ward delayed light pipe cut area broken supply people dirty cut dirty month,water,en
broken cut community supply wire our dirty again,water,en
dust again road blocked damaged affected land missing authority unsafe,road,en
area path illegal unsafe morning road children unsafe families affected our,road,en
dust unsafe waste last supply delayed came path dirty damaged waste road dust night,road,en
tank please water dust came land supply tank tank urgent last meter needed tank many street,water,en
land light delayed tank last road people tank needed drain our title title dirty,tenure,en
tap many land path came plot missing plot title water ward land month land,tenure,en
supply families month tank broken ward cut supply help water our water please illegal dust road,water,en
ward blocked ward dirty lease ward smell waste dirty ward dirty,sanitation,en
please wire broken nobody request wire unsafe affected title meter land,power,en
meter drain light road unsafe light meter nobody request since community,power,en
request tank road meter affected street blocked damaged promised blocked came please,road,en
power month water broken since again meter smell dust needed smell drain supply drain blocked waste,sanitation,en
office office wire ward dust people power cut meter urgent meter,power,en
help pipe blocked supply action cut water flood street delayed nobody tap,water,en
flood cut path authority smell plot since path path meter authority cut old,road,en
many illegal pipe dirty blocked path please people smell broken,sanitation,en
wire cut area unsafe ward title help meter affected tank wire damaged authority damaged,power,en
path flood path pipe since supply action unsafe title pipe office,road,en
affected nobody lease blocked tank still children people power meter wire wire street path people cut,power,en
people needed smell water water flood cut tank dirty request smell,sanitation,en
street office smell unsafe supply damaged area night delayed children street month nobody flood dirty,road,en
people morning flood needed drain water smell broken smell missing,sanitation,en
illegal land light broken since dirty power meter ward wire light night still,power,en
meter ward light again delayed damaged meter meter request delayed,power,en
street road dust affected damaged road people promised street blocked last flood plot morning authority,road,en
damaged drain title area tank morning blocked land again path road illegal,tenure,en
dirty lease area smell water children urgent plot title missing our,tenure,en
help smell waste water lease tank cut broken broken land last our broken,water,en
cut water land action action cut many families plot title promised office,tenure,en
delayed illegal power pipe morning still cut unsafe promised wire meter light broken,power,en
tap authority water community still morning blocked morning tank dust pipe dirty pipe waste,water,en
smell lease smell dirty drain street request smell meter people again help came last,sanitation,en
flood office road wire broken please children water tank urgent nobody water tank,water,en
unsafe cut tap please tank cut please flood request since water title affected,water,en
lease help came damaged again illegal illegal delayed,tenure,en
flood dust came delayed light needed people drain drain promised drain missing last meter flood plot dirty,sanitation,en
children plot land last again many road land title promised plot missing illegal,tenure,en
office cut light tank request last power our light power,power,en
water affected request tap cut morning again power illegal tank street water,water,en
waste water please broken drain last still flood path our smell flood blocked office,sanitation,en
dirty smell still waste blocked authority community damaged drain children flood title,sanitation,en
morning dust water tap ward people dirty community power supply broken supply,water,en
authority smell affected action lease morning plot night plot came old land land waste,tenure,en
street light night meter affected power ward meter smell wire meter area meter,power,en
damaged dust light unsafe children dust needed path families blocked path,road,en
tank families missing plot still delayed request people dirty illegal supply lease lease tap nobody,tenure,en
unsafe area since community since plot supply illegal again title land ward old land,tenure,en
area water drain drain many smell dust needed dirty dirty flood flood families our wire,sanitation,en
light unsafe light drain action affected affected month drain power meter pipe road people,power,en
please promised wire land pipe blocked authority land lease action night damaged broken morning,tenure,en
light last waste cut many power power authority waste again meter title month,power,en
water title tank path affected pipe children cut promised water,water,en
power pipe power illegal power light ward many wire help,power,en
wire again illegal unsafe since light meter people our power,power,en
meter urgent meter still still morning missing wire area power office unsafe power path,power,en
unsafe street dust lease our delayed affected help flood community area tank road,road,en
old broken night unsafe children tank month missing supply water cut needed night dirty request,water,en
damaged supply old nobody tank came again supply broken illegal request cut morning morning cut,water,en
wire meter street plot unsafe action power illegal flood people drain smell wire waste promised needed,power,en
meter office old waste land smell waste missing waste smell ward morning month lease,sanitation,en
dirty promised smell damaged illegal blocked area smell families help came promised,sanitation,en
affected nobody still urgent meter month unsafe broken waste needed missing water street,sanitation,en
children meter office unsafe came unsafe plot land blocked families water tap supply blocked affected pipe,water,en
delayed water lease help delayed plot ward delayed nobody,tenure,en
tap light authority cut since action pipe people unsafe dirty tap supply unsafe,water,en
damaged urgent community affected waste pipe pipe dust tap water came pipe request,water,en
missing month delayed delayed many path meter since delayed dirty area illegal title,tenure,en
area wire again meter waste authority help light smell drain our power,sanitation,en
flood morning office old path area missing came flood broken water water promised,sanitation,en
urgent ward still dust flood authority people waste plot power affected drain waste,sanitation,en
meter meter drain street unsafe cut again since help,power,en
delayed wire title office last title unsafe needed many lease morning land tank,tenure,en
cut authority tap pipe supply light waste title came last needed,water,en
still drain drain help came drain street smell needed road drain old,sanitation,en
urgent cut morning community affected urgent title power light title light power meter,power,en
families illegal people path cut area light supply path blocked,road,en
title office children plot old flood month cut wire community meter power water land cut,power,en
water tap water dirty since missing affected illegal families action,water,en
people blocked land dust many please land lease damaged lease community blocked children illegal,road,en
dirty broken land title unsafe still delayed delayed urgent lease authority flood families cut,tenure,en
tap supply flood cut road still supply pipe still unsafe came community,water,en
nobody road street light wire community path still supply power,road,en
promised illegal damaged please supply action dirty water plot tank plot,water,en
needed supply community authority blocked broken blocked street smell flood help children request drain road,road,en
water still dirty tap dust tap tank lease blocked path urgent action many water,water,en
again wire unsafe power affected title illegal cut illegal families broken title,power,en
street delayed missing promised came authority blocked path drain path nobody request again,road,en
action affected blocked action road community office unsafe path light meter land damaged urgent,road,en
tank lease old path title lease many title please unsafe street help since path,tenure,en
pipe unsafe cut illegal broken night light water blocked request nobody wire old,power,en
street month land flood waste smell action night authority again lease children,sanitation,en
blocked unsafe request promised again community old old lease supply month old request,tenure,en
pipe street street request dust dust morning community light ward still street ward damaged tank smell,road,en
wire children meter power power affected dust meter meter promised smell,power,en
water title area smell flood request drain drain blocked help road power dirty,sanitation,en
tank blocked help many waste dirty unsafe community illegal missing many power community supply came,power,en
path road authority still tank street request road authority month wire road needed broken,road,en
meter night urgent path light meter street meter last illegal promised many,power,en
request wire dust broken waste supply urgent unsafe drain morning power still road ward affected,power,en
morning authority flood ward street path dust old path dust damaged cut children blocked people,road,en
damaged road our wire community area cut illegal drain affected last broken,power,en
waste waste drain action dirty came our dust delayed needed waste,sanitation,en
month illegal needed illegal illegal office plot meter dust dust last community power community,tenure,en
broken ward water light broken blocked please broken broken waste blocked people affected supply,water,en
title lease lease tank people request waste help since unsafe last water broken,tenure,en
street month damaged title flood tank damaged damaged affected people damaged affected,road,en
street tank light power ward request cut broken old since broken power water,power,en
title our plot plot plot action night nobody tap ward tank land,tenure,en
community waste nobody smell drain damaged blocked supply smell still pipe families help dirty,sanitation,en
road land needed action came land flood land unsafe flood lease dust missing,tenure,en
dust tap action pipe supply morning street flood pipe area,water,en
tap water pipe pipe supply drain action many office water supply power cut,water,en
light illegal wire broken supply please path smell came wire wire last,power,en
morning dust blocked meter path broken road children last street help needed many,road,en
delayed delayed authority dirty office blocked urgent smell dirty urgent broken,sanitation,en
last drain help unsafe path blocked path path still smell,road,en
dirty tank road still tank blocked office smell since urgent drain since broken please flood,sanitation,en
community affected broken smell dirty smell water flood dirty urgent,sanitation,en
dirty title drain broken help old broken request flood nobody office people,sanitation,en
children broken last blocked last tank supply community land many authority supply,water,en
many blocked meter plot meter families power meter wire wire authority water request road,power,en
water help our families ward tap supply broken area lease wire tap water,water,en
please dust wire unsafe street tap tap authority flood road delayed authority street blocked,road,en
path land night delayed families land delayed ward morning broken help,tenure,en
tank community land street people meter path road again request children,road,en
again illegal missing blocked lease please waste nobody blocked,sanitation,en
unsafe road water delayed help waste waste missing delayed night office our,sanitation,en
tap month office tap night tank water broken flood power land supply,water,en
title plot meter broken came path affected illegal land ward dust affected request,tenure,en
last dust cut please dust authority road dust damaged street authority area damaged needed,road,en
illegal ward land dirty please wire action again wire broken light light request,power,en
supply please water wire needed light tap please supply tap,water,en
community missing land smell morning please plot light,tenure,en
our request waste missing water pipe waste our tank dirty area supply dirty pipe cut blocked,water,en
promised lease morning morning delayed plot lease blocked still title office title,tenure,en
cut supply path urgent water broken cut night supply ward dust broken,water,en
supply waste water area waste our broken meter blocked illegal nobody waste still affected,sanitation,en
nobody request illegal path area broken street promised waste drain waste waste last dirty path,sanitation,en
land meter action month land plot broken illegal affected,tenure,en
water smell land community authority dust land blocked many dirty affected our,sanitation,en
broken dirty flood month again pipe flood land blocked month tank waste many,sanitation,en
water flood dirty broken again help supply urgent month broken night water water,water,en
morning damaged flood damaged office supply old lease blocked needed street came path,road,en
flood old night again blocked action blocked light community still waste still,sanitation,en
drain still waste blocked people drain blocked drain families urgent since,sanitation,en
our people plot title illegal old pipe affected again,tenure,en
help cut meter area illegal drain damaged power request blocked light since light cut,power,en
illegal waste affected smell ward pipe drain title smell illegal smell old promised smell,sanitation,en
night road street blocked morning street our our children cut office unsafe delayed title,road,en
damaged many road action night old many unsafe people request missing unsafe path,road,en
help help smell dust path came road path flood smell affected old road broken,road,en
dust unsafe cut street blocked blocked please street families families,road,en
again broken nobody power illegal old night land supply nobody road light still plot power help power land,power,en
came land plot authority again drain promised community delayed affected land delayed,tenure,en
blocked dirty path street dust path our last many dust road office nobody,road,en
ward damaged flood path dust people dust old request dust morning families damaged dirty,road,en
waste waste road urgent power flood came light unsafe needed land blocked missing road drain urgent,sanitation,en
waste office unsafe again dirty came road dust people dust damaged delayed dust damaged flood,road,en
please pipe road water tank tap nobody wire supply office,water,en
pipe title month old wire request month night meter children title land cut,tenure,en
help lease missing title plot delayed delayed illegal last came needed,tenure,en
request office urgent authority office pipe old plot children supply tank tank,water,en
pipe tank children nobody request supply pipe since light needed water again smell,water,en
night dirty still affected came missing meter unsafe children damaged wire,power,en
tank cut wire tap since cut people drain night came children,water,en
nobody pipe cut cut last pipe request office nobody flood road dust authority,water,en
plot supply delayed missing area street night land pipe families help old,tenure,en
cut many cut meter unsafe many children waste drain waste cut meter,power,en
pipe night cut illegal promised tank old cut office tap area again,water,en
needed tap affected supply pipe supply please area water pipe power nobody street please missing,water,en
power last pipe damaged tap help urgent cut cut damaged,water,en
dust morning water cut request affected pipe office damaged flood people ward smell power unsafe tank,road,en
dust many damaged blocked supply unsafe action water path action authority missing blocked land our cut tap area,road,en
urgent delayed land lease drain nobody community plot month lease dust illegal last,tenure,en
dirty smell please meter damaged waste flood request drain blocked many waste,sanitation,en
area many request dust street still damaged meter dirty dust path blocked area damaged last,road,en
please light office broken please wire last unsafe tank dust office wire power power,power,en
power delayed unsafe meter promised action wire still,power,en
since power promised morning please unsafe month road power area street,road,en
many people wire many meter wire waste illegal nobody,power,en
road missing illegal broken community old morning missing authority road affected,tenure,en
last help power smell damaged urgent power community request cut power promised broken,power,en
tank delayed delayed nobody meter land area needed land office help water,tenure,en
unsafe water tap morning promised dirty cut path morning supply,water,en
authority still light help families missing unsafe dust please path dust last,road,en
light light light supply water tank promised please dirty unsafe community families illegal help,water,en
water power damaged unsafe pipe wire unsafe dirty broken pipe promised morning plot cut morning power,power,en
flood action blocked urgent many dust affected dust path wire damaged nobody,road,en
nobody affected power plot promised our land dirty title plot street community help pipe,tenure,en
power area dirty needed nobody nobody smell land community drain water drain affected,sanitation,en
delayed blocked month needed community dust plot authority land people land tank ward,tenure,en
help again water wire dirty night broken still urgent supply morning light,water,en
power needed urgent authority dirty delayed missing plot title broken,tenure,en
meter damaged light land month area affected broken again street last authority,power,en
missing lease action again land urgent delayed meter delayed action smell cut path,tenure,en
nobody unsafe pipe help water urgent supply supply smell ward pipe water light please,water,en
ward street help street last ward old urgent missing path blocked since,road,en
drain light drain area dirty broken request waste delayed children,sanitation,en
damaged waste delayed broken month blocked office authority waste morning request blocked,sanitation,en
plot lease water still smell authority children illegal blocked missing flood needed land land,tenure,en
dirty cut delayed ward pipe drain dirty children waste families pipe,sanitation,en
pipe water tap tank tank office since area water cut office,water,en
help street delayed night smell drain action lease affected damaged blocked old dirty lease land,tenure,en
since drain broken promised please broken street path smell drain blocked waste action,sanitation,en
month water land still area road path community dirty drain drain needed delayed dirty,sanitation,en
dirty needed request ward action many smell drain illegal title flood since,sanitation,en
street flood water our drain dirty dirty drain dust people dust morning,sanitation,en
waste flood action damaged cut still waste office many power waste drain affected waste,sanitation,en
again street illegal authority smell dirty delayed dirty families supply our promised since,sanitation,en
light waste promised promised cut came smell office broken children unsafe flood,power,en
drain office dirty title supply nobody request land land unsafe promised supply promised delayed title authority broken land blocked,tenure,en
dirty smell path drain drain flood ward help dust light again office blocked,sanitation,en
street light came morning dust broken meter authority blocked path power damaged dust road,road,en
plot again plot families title drain dirty lease urgent,tenure,en
flood tap water pipe dirty pipe still promised needed,water,en
urgent damaged light dirty unsafe broken ward many month waste smell drain help blocked damaged night,sanitation,en
night supply came dirty families dirty delayed supply lease again since flood unsafe road,water,en
flood damaged needed flood smell dirty help smell people waste children water authority,sanitation,en
still month blocked request wire request title supply pipe help pipe,water,en
title land title authority waste light nobody cut morning tank smell land old delayed title light,tenure,en
pipe water title again authority dirty many drain flood water cut tank tank,water,en
pipe blocked plot blocked smell waste cut street people needed unsafe please water,sanitation,en
wire power illegal still power delayed office ward help unsafe nobody community,power,en
title request families smell illegal blocked request needed water waste nobody dirty flood,sanitation,en
power light blocked power water came dirty cut community action illegal power broken,power,en
ward light request action illegal damaged children wire illegal light broken,power,en
road waste path families damaged drain waste water land came still street road,road,en
cut title pipe children authority tank drain many month our water blocked cut,water,en
land supply area supply title land morning plot illegal road still,tenure,en
old community unsafe needed again wire dirty lease land,tenure,en
smell old please dirty water waste smell morning urgent,sanitation,en
street came street promised dust path broken needed community,road,en
tap flood meter dust tap meter night office damaged unsafe needed again tank,power,en
illegal authority missing our plot families illegal missing path night people,tenure,en
cut urgent unsafe night supply water morning office land water please wire broken,water,en
children old cut urgent title title illegal authority waste old nobody,tenure,en
meter damaged blocked night wire again old unsafe children pipe wire area needed people,power,en
many water street tank please affected water supply supply many pipe broken urgent came,water,en
supply water lease authority authority help land flood families smell flood waste,sanitation,en
dust authority needed broken meter street our community unsafe office action drain path street path blocked,road,en
since action wire damaged cut path meter wire light ward broken,power,en
dust night request please pipe dust road unsafe affected office street unsafe please water dust,road,en
please street last illegal community flood dust road damaged pipe blocked flood land,road,en
month dust power light smell community month again waste cut,power,en
promised our night tank power street road damaged since path pipe smell help,road,en
drain road community since since again light old meter drain waste action flood,sanitation,en
community old help street waste supply many water urgent tap meter,water,en
wire wire flood power needed meter flood plot unsafe plot office needed,power,en
cut meter morning since power light illegal broken action cut power broken,power,en
help illegal people light again missing community still supply title cut land help flood land,tenure,en
drain waste drain promised drain blocked supply night office drain drain road,sanitation,en
nobody nobody tank affected authority light again broken smell plot morning blocked drain,sanitation,en
path damaged flood area path our still road affected wire nobody community unsafe damaged,road,en
affected urgent cut title again water drain please community tap cut please,water,en
illegal meter title missing title night land since land damaged people old,tenure,en
urgent power waste blocked waste still supply flood waste last affected authority land drain promised,sanitation,en
broken promised families community wire blocked power dust blocked dust meter cut our power,power,en
again blocked path action many street path flood cut road street morning,road,en
water street flood illegal action nobody month nobody promised flood ward street,road,en
our waste lease people unsafe illegal pipe supply blocked area dirty morning,sanitation,en
meter illegal unsafe road last urgent illegal smell wire request community illegal waste,power,en
delayed old old blocked road urgent many blocked action still street night flood night damaged,road,en
urgent pipe lease help illegal street pipe illegal month cut authority still power power cut,power,en
still dirty area drain help broken unsafe delayed,sanitation,en
water pipe action damaged broken supply again last families tank still supply missing cut old,water,en
road flood drain morning month pipe missing unsafe promised road,road,en
title still community action plot old title land supply lease missing community,tenure,en
light meter meter wire lease nobody missing month still cut illegal title authority,power,en
people community our pipe supply community water dirty unsafe water plot unsafe authority old water drain office,water,en
please people urgent drain drain water water drain drain broken blocked,sanitation,en
land dust children office again dust light drain plot water plot,tenure,en
morning nobody missing still request request missing land waste request blocked waste,tenure,en
blocked road help blocked damaged wire cut request affected dust delayed wire tank dust,road,en
area please families land dirty blocked night authority drain flood,sanitation,en
many ward broken request still smell drain area broken street nobody,sanitation,en
broken smell promised community road light last needed meter came meter plot,power,en
many families broken smell came tap meter tank supply people,water,en
power meter power cut affected office please wire flood promised dust wire our power tank power unsafe,power,en
needed land drain area promised old missing old plot came help lease people flood,tenure,en
community street unsafe came supply families path last path dust our,road,en
wire dirty plot office path broken waste again authority community children area cut,power,en
morning cut blocked waste old office wire request ward path cut,power,en
supply water still cut help wire pipe cut cut cut title promised urgent lease,water,en
tank broken supply tank water pipe morning affected water ward,water,en
people again path flood illegal power request land request unsafe our title,power,en
water pipe since tap damaged help dirty community tank people affected,water,en
promised title title land help delayed promised old old area smell light missing last community,tenure,en
land wire office people cut area street title street area needed flood,road,en
request street flood dust meter smell needed again community ward dust damaged since,road,en
broken request last flood old illegal please illegal lease people,tenure,en
path waste waste waste waste light nobody light flood request again waste,sanitation,en
office wire night came promised dust road missing road damaged,road,en
came blocked damaged path dust still drain road missing families,road,en
still affected illegal plot dirty families title flood plot title land water title,tenure,en
drain again night promised illegal nobody ward supply dirty cut street,water,en
meter old request cut since tap nobody dirty wire people cut ward,water,en
nobody urgent please blocked meter dirty blocked flood blocked water flood,sanitation,en
water supply dust help action supply water area please meter,water,en
urgent again land flood area pipe plot tank still drain people missing lease since title land,tenure,en
request damaged supply affected nobody again dust nobody tank pipe water waste our dust water,water,en
please cut community flood power power help cut broken plot cut dirty dirty,power,en
title land land night affected illegal community broken ward missing road plot unsafe,tenure,en
waste cut cut authority tank broken broken our power dirty affected community illegal flood,power,en
waste street path broken road action affected broken office dust since water families path dust,road,en
dust affected blocked please street plot broken damaged road help,road,en
night authority broken people power illegal wire promised street cut supply tank,power,en
delayed many dirty again title land title nobody delayed lease,tenure,en
area cut office blocked wire wire power missing help affected dust wire month meter land,power,en
morning water delayed office dust flood light families wire meter needed children,power,en
waste missing drain delayed illegal area waste needed title area blocked water dirty,sanitation,en
dust damaged action damaged promised urgent land missing damaged community road road our since dust,road,en
power light light meter missing illegal wire again unsafe last meter delayed help community power,power,en
night month old again cut meter community damaged damaged office power,power,en
pipe old drain supply broken tap since tap people pipe nobody night,water,en
delayed illegal broken water flood night water pipe missing last since water wire street office,water,en
ward ward title night meter title drain again authority drain drain smell,sanitation,en
land meter power illegal plot ward power missing broken people since cut night again light,tenure,en
title title office land supply path still plot old again delayed illegal,tenure,en
flood broken affected affected meter flood area smell drain since nobody smell dirty light broken office,sanitation,en
path many area meter missing path damaged again,road,en
our missing meter broken power blocked still meter power families pipe pipe road people pipe meter since wire,power,en
people month urgent smell pipe flood drain people supply office ward,sanitation,en
urgent month light wire wire came cut meter our waste damaged please meter urgent,power,en
people many affected missing tank affected title land lease authority ward unsafe,tenure,en
missing path dust dirty street ward action blocked request office plot flood,road,en
waste action supply illegal dirty land blocked please water still help,water,en
wire supply many still light last illegal meter dirty needed water water please broken,water,en
area help people path morning children please dust unsafe title dust,road,en
night cut light ward our water wire power people meter,power,en
people road road area blocked missing ward path street title,road,en
still dust land plot illegal authority please title,tenure,en
dust area title our flood blocked area flood wire road help water,road,en
promised month road damaged street community road nobody dust flood urgent road street tank,road,en
office unsafe affected illegal please still wire please unsafe water,power,en
cut power power land please office authority land lease cut power old power promised nobody please unsafe,power,en
help land supply cut plot needed water many plot dust plot water,water,en
still smell again needed drain came drain ward plot waste smell flood missing,sanitation,en
damaged tap urgent tank dirty still children area cut dirty office path dust land,water,en
affected authority unsafe help cut night cut power road street power authority road flood,road,en
families our missing promised supply cut dirty night needed tap broken many,water,en
month power blocked cut missing land office came supply power illegal power,power,en
light since children smell community damaged dirty water community waste promised damaged flood blocked drain,sanitation,en
smell since ward affected smell flood illegal water cut office damaged path drain dust last,road,en
ward request affected nobody power lease power broken blocked unsafe old light dirty road wire waste,power,en
promised pipe dirty drain cut waste drain needed waste pipe drain needed dirty affected title area,sanitation,en
waste urgent dirty waste came road people tank flood ward,sanitation,en
water supply road area water path action ward morning smell our blocked dust path area,road,en
still damaged dirty dust damaged drain area damaged please road still office many damaged path flood street,road,en
community dirty tank lease cut came water light tank children promised plot cut tank tank,water,en
our dirty dust drain smell damaged last area lease flood blocked waste people dirty,sanitation,en
drain waste action street broken last action dust plot dirty dust night,sanitation,en
old dirty promised request tank cut flood flood families came blocked,sanitation,en
lease old our dust lease affected wire lease title last last community needed,tenure,en
light power wire wire still wire many drain light since broken water damaged dirty,power,en
land since area broken plot morning families land broken,tenure,en
dirty needed cut power water meter cut since affected,power,en
still blocked waste morning light flood needed drain blocked cut title,sanitation,en
drain our lease smell meter flood smell again please blocked dirty illegal urgent,sanitation,en
our tank pipe many request tank plot tap flood dirty street supply children needed,water,en
promised plot waste path since flood road dust road community flood,road,en
nobody help broken plot title cut plot action children plot lease broken illegal land,tenure,en
road wire nobody pipe authority flood road blocked path promised damaged month,road,en
request drain urgent plot still street many damaged tank area dust supply month,road,en
damaged many tap pipe nobody smell tap tank community night tap morning needed tank,water,en
urgent flood dirty waste since action families title broken drain action land urgent,sanitation,en
pipe our blocked dirty water tap illegal pipe help area nobody street tap lease,water,en
waste nobody blocked plot road unsafe again blocked many blocked children our flood road wire needed,road,en
cut light light light came land illegal meter came nobody title needed plot,tenure,en
flood unsafe families path power street authority unsafe ward morning wire old since,power,en
month wire cut power lease drain families again meter supply wire,power,en
flood families delayed nobody meter month wire wire cut illegal affected,power,en
community road affected meter area needed power road damaged path,road,en
blocked broken again dirty road morning title drain flood morning,sanitation,en
light power meter our promised since cut wire urgent wire missing community,power,en
morning many title request people light land illegal title ward since lease,tenure,en
many tank people flood supply last missing dirty people request water needed damaged,water,en
smell delayed broken area pipe supply office drain people water title missing,water,en
dust dirty road authority road ward affected action path unsafe please smell,road,en
supply supply supply supply blocked people our our supply families cut,water,en
plot supply children urgent tap tap water promised tank since,water,en
still our meter needed smell flood power illegal affected light tank lease wire,power,en
power help blocked wire light meter tank many area cut,power,en
meter children since meter request broken smell night broken request supply cut many cut,power,en
land area plot night last office illegal missing again illegal title dirty,tenure,en
water water supply again request pipe water water water supply many old office cut,water,en
cut urgent power community power wire illegal illegal power again street broken power,power,en
broken broken area blocked water request office dirty area road came waste water request waste broken waste,sanitation,en
path needed children month office unsafe blocked action dust people street street wire title meter,road,en
many people lease title nobody plot plot title missing action tank again,tenure,en
community waste night damaged road still damaged dust road street illegal,road,en
authority road lease blocked plot authority flood street unsafe since people street,road,en
still waste came needed drain meter damaged meter power cut dirty people meter meter broken came illegal,power,en
morning dirty tank illegal water pipe area broken morning authority dirty light promised people,water,en
still nobody plot wire illegal meter again wire still community since cut,power,en
tank water morning water dirty smell our help drain smell request path blocked broken drain,sanitation,en
damaged street title flood land wire drain since waste request broken old morning office,sanitation,en
smell street pipe unsafe month many path affected affected blocked street path nobody still unsafe,road,en
road street action meter path light dust still water affected road,road,en
street area month light power power missing missing affected power illegal,power,en
authority power ward road affected illegal road land still road damaged path community urgent light,road,en
street land affected supply wire light action morning illegal our tank,power,en
land ward action people street power office children plot needed old plot,tenure,en
flood meter children night street action cut waste light,power,en
children water office office broken broken promised smell tap ward children land tap water supply,water,en
cut flood water broken broken pipe supply still action plot affected tap power,water,en
unsafe people promised morning old tap tap promised help pipe road pipe,water,en
old please cut lease month illegal delayed land cut families again light night,power,en
dirty wire people missing again dirty ward cut delayed needed drain waste,sanitation,en
waste morning needed dust tank families blocked community drain broken blocked dust tank,water,en
unsafe blocked road power light illegal illegal request help light power last smell pipe action illegal since office,power,en
tap water urgent tank delayed broken dirty cut people children dirty tank,water,en
still water missing damaged morning delayed dirty water water authority light,water,en
power help missing wire wire wire night road cut meter please,power,en
action dust many urgent people dust unsafe power blocked path unsafe flood,road,en
meter path please action still needed came cut request street dust,road,en
supply supply morning unsafe promised land damaged morning flood ward flood pipe our office,road,en
cut please dust community people illegal water power wire please month office power,power,en
people broken unsafe road waste land supply action people smell drain please,sanitation,en
wire wire came drain pipe dust affected wire power please cut,power,en
title lease urgent cut urgent tank title supply supply dirty land broken last action,water,en
plot came please plot month morning plot water many cut land smell smell action lease smell,tenure,en
nobody damaged road month flood people water road lease dust broken tank our street morning drain came,road,en
please street road street families came street road still flood affected dirty nobody,road,en
ward path power children blocked old pipe street many since drain drain ward,sanitation,en
path supply smell flood missing smell authority last community smell flood broken,sanitation,en
power tank came road broken community help supply lease pipe community night broken morning,water,en
dirty meter broken office dirty last action wire cut broken night since still wire,power,en
damaged ward ward needed morning old unsafe street street drain,road,en
many request plot pipe meter promised water lease lease lease tank illegal water waste,water,en
broken community land land tank tank path supply since path dust road nobody smell,water,en
needed road path unsafe waste please request street blocked street help help affected,road,en
families water drain meter waste blocked still dirty missing families many,sanitation,en
morning road last drain power tank urgent pipe area since community dust road dust,road,en
lease people plot families plot plot since old missing authority again delayed pipe needed cut,tenure,en
damaged office meter community urgent needed power tank title dust cut broken,power,en
road lease road request night ward dust meter area last,road,en
broken water last cut wire office cut path affected needed morning tank help,water,en
land nobody nobody cut blocked road last flood illegal broken illegal again,road,en
path land smell title affected drain waste help morning lease blocked,sanitation,en
promised smell broken smell smell missing help supply delayed children broken pipe month smell month needed,water,en
blocked supply water dust damaged broken authority last needed please,road,en
title land delayed help missing pipe still children lease land still street title our,tenure,en
plot water pipe supply last morning supply people supply nobody nobody damaged,water,en
needed request supply water affected cut broken since pipe tap,water,en
tank illegal tank dirty request families children blocked since dirty waste ward tank,water,en
needed morning children help morning light wire broken still meter light old,power,en
dirty broken night tap supply tank pipe people community flood cut,water,en
wire cut needed dirty title dirty dirty action last night promised please drain,sanitation,en
help came came water unsafe tap power dirty water pipe since nobody unsafe,water,en
drain help drain path broken urgent nobody since request road people path,road,en
illegal blocked land please land month supply help authority delayed plot illegal area tank cut night,tenure,en
delayed came ward community title meter lease power title old people affected,tenure,en
street morning children unsafe missing missing road people land people please road road,road,en
missing many nobody affected please road dirty needed street dust water,road,en
smell cut dirty lease damaged unsafe please area supply water help road path damaged needed road urgent,road,en
pipe waste tank ward ward night tank came waste month blocked land broken smell power supply,water,en
power wire smell wire help plot our month wire month land wire blocked,power,en
community road plot nobody community please light meter promised street meter wire damaged cut power street,power,en
since plot title supply area children nobody pipe water please tank road,water,en
road land again land affected street title blocked night children missing month nobody,tenure,en
people people night cut cut plot lease cut children unsafe,power,en
land broken missing morning missing supply water road again still last came morning,tenure,en
promised lease drain power still plot morning smell delayed water flood area title illegal please drain,sanitation,en
community light many cut meter flood our waste waste lease please blocked drain wire cut still land,power,en
dust again damaged blocked unsafe blocked promised road waste promised blocked,road,en
pipe water flood pipe water plot authority nobody pipe water community pipe tank title,water,en
meter nobody power pipe help meter still damaged please missing many,power,en
help wire tank since waste water waste authority dirty,water,en
area month missing ward area light water please light cut people damaged plot wire,power,en
light blocked cut broken wire many needed promised morning blocked since damaged,power,en
wire power office power street request cut month water came office broken,power,en
please month delayed water supply pipe since children tank supply dirty damaged,water,en
light light still power meter people wire since waste,power,en
supply supply morning pipe again children broken pipe smell wire please unsafe water unsafe water,water,en
illegal path missing plot plot wire promised urgent meter path please promised meter office missing delayed title promised,tenure,en
waste blocked street affected children please last old old flood our help,sanitation,en
dust blocked still wire power meter smell night power urgent broken dust unsafe,power,en
wire needed street street again path unsafe path again area missing old street street,road,en
ward old lease cut morning promised month dirty flood tank,water,en
illegal meter illegal illegal help many flood smell since blocked please needed dirty,sanitation,en
missing road title office damaged lease action our missing lease needed damaged ward,tenure,en
authority again road damaged blocked dust road lease blocked authority broken help,road,en
dust again missing illegal pipe title children month plot children came water meter help,tenure,en
street office flood area pipe community dirty dust month authority street road,road,en
dirty cut many still lease families drain cut road damaged plot street,road,en
dirty supply still children morning dirty broken smell broken unsafe water dirty again,sanitation,en
path office illegal road waste damaged urgent help since last blocked dirty street dirty path,road,en
missing waste illegal month drain title road missing blocked night smell path people,tenure,en
plot still meter broken street families path dirty road path damaged last,road,en
since last blocked request street road path unsafe children smell supply,road,en
water area action wire cut again our night broken light community dirty meter,power,en
ward request unsafe water meter road flood road promised month street dust power street office dust,road,en
power dirty affected light community tank our since meter water,power,en
people road morning flood damaged road please nobody path damaged damaged title,road,en
many land urgent old street promised street missing street authority street street road street,road,en
again power our street last power office missing missing power many flood broken lease,power,en
help broken families again urgent cut pipe urgent unsafe help unsafe cut supply,water,en
office missing affected morning people request land missing still cut old road,tenure,en
drain last people smell drain pipe waste action waste plot nobody smell request,sanitation,en
many lease our damaged old title help dust road,tenure,en
road still land cut people meter power light drain affected promised,power,en
last authority dirty drain families water lease water flood illegal dirty pipe month old,sanitation,en
night supply drain help action supply flood waste again urgent dirty dirty affected flood blocked,sanitation,en
road path drain our illegal flood affected please dirty families flood,sanitation,en
cut supply missing lease light since tank many wire road blocked blocked families power cut families wire,power,en
dust road action broken road urgent many path,road,en
morning path wire area land plot meter light request nobody month again lease,tenure,en
plot our drain office still night lease road illegal came,tenure,en
came light ward morning smell unsafe action plot land area families old dust,tenure,en
children request community water path unsafe came damaged flood dust nobody,road,en
still area meter wire illegal urgent wire still land,power,en
light broken water meter community meter illegal help needed supply light night,power,en
supply pipe wire water cut month authority cut ward unsafe month tap water,water,en
again help since water path request broken missing request broken please damaged,sanitation,en
road cut our road path nobody dust many blocked street dust month damaged cut,road,en
help waste help flood our pipe nobody night blocked last smell illegal drain flood unsafe,sanitation,en
promised missing tank missing plot request land dirty affected promised land broken old plot,tenure,en
dirty cut cut many children came blocked tank meter authority power area many,power,en
nobody missing light please plot illegal came ward wire plot,tenure,en
wire cut road nobody blocked office wire broken wire nobody wire water help,power,en
flood drain broken meter blocked community again power children smell smell flood blocked unsafe our,sanitation,en
cut drain meter wire cut plot damaged cut community wire again broken children,power,en
request morning flood dirty last broken ward people broken road path smell blocked waste,sanitation,en
delayed wire meter illegal power wire tank supply authority many meter month path,power,en
promised flood unsafe action month street path again old dust came dirty nobody,road,en
smell people promised blocked damaged drain old many affected damaged plot,sanitation,en
again illegal promised land action power path light help cut,power,en
families pipe water tap again broken please needed tank broken delayed people water road help,water,en
land night lease came supply power path lease area title lease land,tenure,en
ward still power many people road flood cut since unsafe tank light again light broken,power,en
old please title pipe title land needed title month land,tenure,en
unsafe flood street lease please plot road damaged cut illegal needed morning,road,en
affected title unsafe water drain again request plot families promised dust dust street dust authority drain damaged,road,en
light affected dust nobody broken waste land illegal affected light unsafe,power,en
supply morning supply help power dirty again water community night wire blocked illegal help dust,power,en
