{
"type": "FeatureCollection",
"name": "phnompenh_parcels_results",
"crs": { "type": "name", "properties": { "name": "urn:ogc:def:crs:EPSG::32648" } },
"features": [
{ "type": "Feature", "properties": { "parcel_id": "P000", "land_price": 51.19, "dist_cbd": 9.311, "road_access": 0.169, "flood_risk": 0.208, "true_b_dist": -0.343, "gwr_b_intercept": -0.50113819015080763, "gwr_b_dist_cbd": 0.6621487321208317, "gwr_b_road_access": 0.3329949717881715, "gwr_b_flood_risk": -0.53299973211373497 }, "geometry": { "type": "Point", "coordinates": [ 7.49080237694725, 1.033634423372154 ] } },
{ "type": "Feature", "properties": { "parcel_id": "P001", "land_price": 48.46, "dist_cbd": 9.036, "road_access": 0.279, "flood_risk": 0.027, "true_b_dist": -0.39, "gwr_b_intercept": -0.066193302307448895, "gwr_b_dist_cbd": 0.69630582519097706, "gwr_b_road_access": 0.57272899307829284, "gwr_b_flood_risk": -0.40699037933425342 }, "geometry": { "type": "Point", "coordinates": [ 19.014286128198322, 10.627092631362959 ] } },
{ "type": "Feature", "properties": { "parcel_id": "P002", "land_price": 41.27, "dist_cbd": 4.711, "road_access": 0.177, "flood_risk": 0.181, "true_b_dist": -1.723, "gwr_b_intercept": -0.32963246730502421, "gwr_b_dist_cbd": 0.042727158128877847, "gwr_b_road_access": 0.80349561558787719, "gwr_b_flood_risk": -0.031852004473987269 }, "geometry": { "type": "Point", "coordinates": [ 14.639878836228101, 10.81270243220213 ] } },
{ "type": "Feature", "properties": { "parcel_id": "P003", "land_price": 47.56, "dist_cbd": 3.384, "road_access": 0.089, "flood_risk": 0.583, "true_b_dist": -2.253, "gwr_b_intercept": -0.83702794054150953, "gwr_b_dist_cbd": -0.47693540424762448, "gwr_b_road_access": 0.51379128824903586, "gwr_b_flood_risk": 0.032502931655649547 }, "geometry": { "type": "Point", "coordinates": [ 11.973169683940732, 12.748598029964132 ] } },
{ "type": "Feature", "properties": { "parcel_id": "P004", "land_price": 41.24, "dist_cbd": 8.233, "road_access": 0.121, "flood_risk": 0.421, "true_b_dist": -0.551, "gwr_b_intercept": 0.11228139939737132, "gwr_b_dist_cbd": 0.88213280173828634, "gwr_b_road_access": 0.6023262982519284, "gwr_b_flood_risk": -0.024003257281879613 }, "geometry": { "type": "Point", "coordinates": [ 3.12037280884873, 14.52182667445323 ] } },
{ "type": "Feature", "properties": { "parcel_id": "P005", "land_price": 44.18, "dist_cbd": 11.744, "road_access": 0.461, "flood_risk": 0.893, "true_b_dist": -0.095, "gwr_b_intercept": 0.064800198141670623, "gwr_b_dist_cbd": 0.62070842765439305, "gwr_b_road_access": 0.55942880020832364, "gwr_b_flood_risk": -0.12599819725835837 }, "geometry": { "type": "Point", "coordinates": [ 3.119890406724053, 19.517041589250692 ] } },
{ "type": "Feature", "properties": { "parcel_id": "P006", "land_price": 47.58, "dist_cbd": 8.844, "road_access": 0.206, "flood_risk": 0.817, "true_b_dist": -0.424, "gwr_b_intercept": -0.024169489116206713, "gwr_b_dist_cbd": 0.62234561197388316, "gwr_b_road_access": 0.45298304211732349, "gwr_b_flood_risk": -0.32987571914214286 }, "geometry": { "type": "Point", "coordinates": [ 1.161672243363989, 10.326006966023906 ] } },
{ "type": "Feature", "properties": { "parcel_id": "P007", "land_price": 44.01, "dist_cbd": 8.135, "road_access": 0.364, "flood_risk": 0.342, "true_b_dist": -0.574, "gwr_b_intercept": -0.43950232410042889, "gwr_b_dist_cbd": 0.57429106929881657, "gwr_b_road_access": 0.4985515085580825, "gwr_b_flood_risk": -0.43323875020571101 }, "geometry": { "type": "Point", "coordinates": [ 17.323522915498703, 6.459129458824919 ] } },
{ "type": "Feature", "properties": { "parcel_id": "P008", "land_price": 43.37, "dist_cbd": 6.24, "road_access": 0.503, "flood_risk": 0.259, "true_b_dist": -1.133, "gwr_b_intercept": 0.17258398387533952, "gwr_b_dist_cbd": 0.51028203338802336, "gwr_b_road_access": 0.53220762956050605, "gwr_b_flood_risk": 0.037922365489825582 }, "geometry": { "type": "Point", "coordinates": [ 12.022300234864176, 15.903723895374073 ] } },
{ "type": "Feature", "properties": { "parcel_id": "P009", "land_price": 47.49, "dist_cbd": 6.191, "road_access": 0.69, "flood_risk": 0.38, "true_b_dist": -1.151, "gwr_b_intercept": -0.42683022069649734, "gwr_b_dist_cbd": 0.38659508426357903, "gwr_b_road_access": 0.52958239630056647, "gwr_b_flood_risk": -0.41287088320023657 }, "geometry": { "type": "Point", "coordinates": [ 14.161451555920909, 5.416645025241484 ] } },
{ "type": "Feature", "properties": { "parcel_id": "P010", "land_price": 43.52, "dist_cbd": 9.666, "road_access": 0.039, "flood_risk": 0.59, "true_b_dist": -0.29, "gwr_b_intercept": -0.13260748492742058, "gwr_b_dist_cbd": 0.62681592220840976, "gwr_b_road_access": 0.38665250707706356, "gwr_b_flood_risk": -0.4162110285893087 }, "geometry": { "type": "Point", "coordinates": [ 0.411689885916049, 8.779428414112722 ] } },
{ "type": "Feature", "properties": { "parcel_id": "P011", "land_price": 51.85, "dist_cbd": 12.626, "road_access": 0.799, "flood_risk": 0.268, "true_b_dist": -0.056, "gwr_b_intercept": -0.39973335755274081, "gwr_b_dist_cbd": 0.57252033670831959, "gwr_b_road_access": 0.44933009193326029, "gwr_b_flood_risk": -0.3455966619477438 }, "geometry": { "type": "Point", "coordinates": [ 19.398197043239886, 1.569127626845319 ] } },
{ "type": "Feature", "properties": { "parcel_id": "P012", "land_price": 44.98, "dist_cbd": 11.59, "road_access": 0.628, "flood_risk": 0.624, "true_b_dist": -0.104, "gwr_b_intercept": -0.34841065131544652, "gwr_b_dist_cbd": 0.5406204227223208, "gwr_b_road_access": 0.42332859111555421, "gwr_b_flood_risk": -0.36036758262701379 }, "geometry": { "type": "Point", "coordinates": [ 16.648852816008436, 0.50701486830915 ] } },
{ "type": "Feature", "properties": { "parcel_id": "P013", "land_price": 50.77, "dist_cbd": 10.896, "road_access": 0.082, "flood_risk": 0.409, "true_b_dist": -0.154, "gwr_b_intercept": 0.029525615858085521, "gwr_b_dist_cbd": 0.65968819909168941, "gwr_b_road_access": 0.58797062541003542, "gwr_b_flood_risk": -0.11155608660359154 }, "geometry": { "type": "Point", "coordinates": [ 4.246782213565523, 19.252968293558503 ] } },
{ "type": "Feature", "properties": { "parcel_id": "P014", "land_price": 54.57, "dist_cbd": 9.255, "road_access": 0.874, "flood_risk": 0.552, "true_b_dist": -0.353, "gwr_b_intercept": 0.015854910830345383, "gwr_b_dist_cbd": 0.70587426684852872, "gwr_b_road_access": 0.61018210763002756, "gwr_b_flood_risk": -0.059459789903471484 }, "geometry": { "type": "Point", "coordinates": [ 3.636499344142012, 16.719602410244118 ] } },
{ "type": "Feature", "properties": { "parcel_id": "P015", "land_price": 50.61, "dist_cbd": 7.447, "road_access": 0.921, "flood_risk": 0.436, "true_b_dist": -0.75, "gwr_b_intercept": 0.13497129545289904, "gwr_b_dist_cbd": 0.75376731394188345, "gwr_b_road_access": 0.58636616444347223, "gwr_b_flood_risk": -0.052618512325402204 }, "geometry": { "type": "Point", "coordinates": [ 3.668090197068676, 13.91948412187396 ] } },
{ "type": "Feature", "properties": { "parcel_id": "P016", "land_price": 45.55, "dist_cbd": 4.318, "road_access": 0.061, "flood_risk": 0.294, "true_b_dist": -1.882, "gwr_b_intercept": -0.56484481580719081, "gwr_b_dist_cbd": 0.046224199023337652, "gwr_b_road_access": 0.43077058596314294, "gwr_b_flood_risk": -0.29488466742664027 }, "geometry": { "type": "Point", "coordinates": [ 6.084844859190754, 8.179058888285397 ] } },
{ "type": "Feature", "properties": { "parcel_id": "P017", "land_price": 34.7, "dist_cbd": 6.553, "road_access": 0.277, "flood_risk": 0.948, "true_b_dist": -1.025, "gwr_b_intercept": -0.46264838111828177, "gwr_b_dist_cbd": 0.39286834218307731, "gwr_b_road_access": 0.27842266200987775, "gwr_b_flood_risk": -0.66747951730141231 }, "geometry": { "type": "Point", "coordinates": [ 10.495128632644757, 3.465886401416916 ] } },
{ "type": "Feature", "properties": { "parcel_id": "P018", "land_price": 39.6, "dist_cbd": 7.005, "road_access": 0.806, "flood_risk": 0.764, "true_b_dist": -0.88, "gwr_b_intercept": -0.51878083582815471, "gwr_b_dist_cbd": 0.39771621948602387, "gwr_b_road_access": 0.26577956895933813, "gwr_b_flood_risk": -0.58888055594835031 }, "geometry": { "type": "Point", "coordinates": [ 8.638900372842315, 3.128740853421721 ] } },
{ "type": "Feature", "properties": { "parcel_id": "P019", "land_price": 46.02, "dist_cbd": 6.51, "road_access": 0.748, "flood_risk": 0.14, "true_b_dist": -1.04, "gwr_b_intercept": -0.38799576946055525, "gwr_b_dist_cbd": 0.41632163565925967, "gwr_b_road_access": 0.35503808478020094, "gwr_b_flood_risk": -0.42724264240876697 }, "geometry": { "type": "Point", "coordinates": [ 5.824582803960839, 5.004857963291906 ] } },
{ "type": "Feature", "properties": { "parcel_id": "P020", "land_price": 43.29, "dist_cbd": 2.444, "road_access": 0.185, "flood_risk": 0.868, "true_b_dist": -2.584, "gwr_b_intercept": -0.94163280935801763, "gwr_b_dist_cbd": -0.41506908304705958, "gwr_b_road_access": 0.70630288614153802, "gwr_b_flood_risk": -0.041220930933494618 }, "geometry": { "type": "Point", "coordinates": [ 12.23705789444759, 10.984533294122409 ] } },
{ "type": "Feature", "properties": { "parcel_id": "P021", "land_price": 47.1, "dist_cbd": 8.391, "road_access": 0.209, "flood_risk": 0.487, "true_b_dist": -0.516, "gwr_b_intercept": 0.12808568888724517, "gwr_b_dist_cbd": 0.91323365869653417, "gwr_b_road_access": 0.59980320059773773, "gwr_b_flood_risk": -0.040523913098507822 }, "geometry": { "type": "Point", "coordinates": [ 2.789877213040837, 14.291918454001246 ] } },
{ "type": "Feature", "properties": { "parcel_id": "P022", "land_price": 42.54, "dist_cbd": 5.249, "road_access": 0.37, "flood_risk": 0.895, "true_b_dist": -1.507, "gwr_b_intercept": -0.10362121883975604, "gwr_b_dist_cbd": 0.33350145793158203, "gwr_b_road_access": 0.57112117756046266, "gwr_b_flood_risk": -0.095518759977875178 }, "geometry": { "type": "Point", "coordinates": [ 5.842892970704363, 13.203947534354626 ] } },
{ "type": "Feature", "properties": { "parcel_id": "P023", "land_price": 40.57, "dist_cbd": 5.149, "road_access": 0.485, "flood_risk": 0.8, "true_b_dist": -1.546, "gwr_b_intercept": -0.60171633528969171, "gwr_b_dist_cbd": 0.20596145784274331, "gwr_b_road_access": 0.30093185474070711, "gwr_b_flood_risk": -0.48396384991968688 }, "geometry": { "type": "Point", "coordinates": [ 7.327236865873834, 5.598677938918857 ] } },
{ "type": "Feature", "properties": { "parcel_id": "P024", "land_price": 46.94, "dist_cbd": 9.14, "road_access": 0.618, "flood_risk": 0.425, "true_b_dist": -0.372, "gwr_b_intercept": 0.088318219285393171, "gwr_b_dist_cbd": 0.91336760262162597, "gwr_b_road_access": 0.61596506488148184, "gwr_b_flood_risk": 0.051760928517727414 }, "geometry": { "type": "Point", "coordinates": [ 9.121399684340719, 19.097305613263881 ] } },
{ "type": "Feature", "properties": { "parcel_id": "P025", "land_price": 51.63, "dist_cbd": 7.428, "road_access": 0.369, "flood_risk": 0.022, "true_b_dist": -0.755, "gwr_b_intercept": 0.4223356610587844, "gwr_b_dist_cbd": 0.5839930678546339, "gwr_b_road_access": 0.39733879872683231, "gwr_b_flood_risk": -0.082488777745196057 }, "geometry": { "type": "Point", "coordinates": [ 15.703519227860273, 14.757938333915369 ] } },
{ "type": "Feature", "properties": { "parcel_id": "P026", "land_price": 45.7, "dist_cbd": 6.104, "road_access": 0.463, "flood_risk": 0.269, "true_b_dist": -1.182, "gwr_b_intercept": -0.038366840243108088, "gwr_b_dist_cbd": 0.427072581569999, "gwr_b_road_access": 0.47203251139152425, "gwr_b_flood_risk": -0.21525332329337585 }, "geometry": { "type": "Point", "coordinates": [ 3.993475643167195, 11.087081050228013 ] } },
{ "type": "Feature", "properties": { "parcel_id": "P027", "land_price": 52.3, "dist_cbd": 2.252, "road_access": 0.747, "flood_risk": 0.542, "true_b_dist": -2.643, "gwr_b_intercept": -1.2748386756384185, "gwr_b_dist_cbd": -0.6968212822941352, "gwr_b_road_access": 0.47098464497752746, "gwr_b_flood_risk": -0.023114036103109983 }, "geometry": { "type": "Point", "coordinates": [ 10.284688768272233, 12.234414924687044 ] } },
{ "type": "Feature", "properties": { "parcel_id": "P028", "land_price": 39.93, "dist_cbd": 2.45, "road_access": 0.037, "flood_risk": 0.633, "true_b_dist": -2.582, "gwr_b_intercept": -1.236595444921784, "gwr_b_dist_cbd": -0.42852982622920133, "gwr_b_road_access": 0.74636763656282845, "gwr_b_flood_risk": -0.29442920482728491 }, "geometry": { "type": "Point", "coordinates": [ 11.84829137724085, 8.392001248555799 ] } },
{ "type": "Feature", "properties": { "parcel_id": "P029", "land_price": 49.22, "dist_cbd": 10.38, "road_access": 0.252, "flood_risk": 0.258, "true_b_dist": -0.203, "gwr_b_intercept": -0.25081756198205685, "gwr_b_dist_cbd": 0.55461820756769109, "gwr_b_road_access": 0.29960155207392836, "gwr_b_flood_risk": -0.42226147802559366 }, "geometry": { "type": "Point", "coordinates": [ 0.929008254399954, 4.954619790023149 ] } },
{ "type": "Feature", "properties": { "parcel_id": "P030", "land_price": 48.49, "dist_cbd": 3.595, "road_access": 0.713, "flood_risk": 0.139, "true_b_dist": -2.172, "gwr_b_intercept": -0.81484777985728962, "gwr_b_dist_cbd": -0.078890393494196798, "gwr_b_road_access": 0.65420935072750463, "gwr_b_flood_risk": -0.38166398001832169 }, "geometry": { "type": "Point", "coordinates": [ 12.150897038028766, 7.119453573025232 ] } },
{ "type": "Feature", "properties": { "parcel_id": "P031", "land_price": 52.47, "dist_cbd": 8.368, "road_access": 0.895, "flood_risk": 0.835, "true_b_dist": -0.521, "gwr_b_intercept": 0.056171043992625222, "gwr_b_dist_cbd": 0.8587587561058192, "gwr_b_road_access": 0.61552215181894598, "gwr_b_flood_risk": -0.0013602630156963474 }, "geometry": { "type": "Point", "coordinates": [ 3.410482473745831, 15.156922209287382 ] } },
{ "type": "Feature", "properties": { "parcel_id": "P032", "land_price": 47.59, "dist_cbd": 13.038, "road_access": 0.512, "flood_risk": 0.984, "true_b_dist": -0.043, "gwr_b_intercept": -0.37469419554229488, "gwr_b_dist_cbd": 0.63424345503775847, "gwr_b_road_access": 0.37125876591911744, "gwr_b_flood_risk": -0.36677709499189592 }, "geometry": { "type": "Point", "coordinates": [ 1.30103185970559, 0.287869772595117 ] } },
{ "type": "Feature", "properties": { "parcel_id": "P033", "land_price": 52.96, "dist_cbd": 11.814, "road_access": 0.532, "flood_risk": 0.526, "true_b_dist": -0.092, "gwr_b_intercept": -0.41152635719013497, "gwr_b_dist_cbd": 0.58017390947455438, "gwr_b_road_access": 0.45553126179742887, "gwr_b_flood_risk": -0.34503669843219398 }, "geometry": { "type": "Point", "coordinates": [ 18.977710745066666, 2.321452810138325 ] } },
{ "type": "Feature", "properties": { "parcel_id": "P034", "land_price": 49.51, "dist_cbd": 13.007, "road_access": 0.107, "flood_risk": 0.172, "true_b_dist": -0.044, "gwr_b_intercept": -0.38165068462368312, "gwr_b_dist_cbd": 0.56079361503112257, "gwr_b_road_access": 0.44269306323891677, "gwr_b_flood_risk": -0.33980307145882416 }, "geometry": { "type": "Point", "coordinates": [ 19.312640661491187, 0.920052840435055 ] } },
{ "type": "Feature", "properties": { "parcel_id": "P035", "land_price": 51.97, "dist_cbd": 11.064, "road_access": 0.447, "flood_risk": 0.272, "true_b_dist": -0.141, "gwr_b_intercept": -0.34830141672906989, "gwr_b_dist_cbd": 0.54116451314209246, "gwr_b_road_access": 0.42269321742214405, "gwr_b_flood_risk": -0.36862268300814727 }, "geometry": { "type": "Point", "coordinates": [ 16.167946962329221, 0.814576046379403 ] } },
{ "type": "Feature", "properties": { "parcel_id": "P036", "land_price": 49.26, "dist_cbd": 8.112, "road_access": 0.533, "flood_risk": 0.018, "true_b_dist": -0.579, "gwr_b_intercept": -0.057705414979953129, "gwr_b_dist_cbd": 0.84596548372504476, "gwr_b_road_access": 0.68189700997564895, "gwr_b_flood_risk": -0.03437957434364626 }, "geometry": { "type": "Point", "coordinates": [ 6.092275383467413, 17.109211680220145 ] } },
{ "type": "Feature", "properties": { "parcel_id": "P037", "land_price": 50.89, "dist_cbd": 9.019, "road_access": 0.242, "flood_risk": 0.914, "true_b_dist": -0.393, "gwr_b_intercept": 0.12535111686024536, "gwr_b_dist_cbd": 1.0154202252685256, "gwr_b_road_access": 0.60255876517146656, "gwr_b_flood_risk": -0.070728688770216874 }, "geometry": { "type": "Point", "coordinates": [ 1.953442280127677, 14.073157187600474 ] } },
{ "type": "Feature", "properties": { "parcel_id": "P038", "land_price": 41.29, "dist_cbd": 3.721, "road_access": 0.269, "flood_risk": 0.118, "true_b_dist": -2.122, "gwr_b_intercept": -0.85089340034113103, "gwr_b_dist_cbd": -0.25879292123848807, "gwr_b_road_access": 0.80319089541155175, "gwr_b_flood_risk": -0.11990786244602278 }, "geometry": { "type": "Point", "coordinates": [ 13.684660530243137, 9.483476581746505 ] } },
{ "type": "Feature", "properties": { "parcel_id": "P039", "land_price": 49.14, "dist_cbd": 8.132, "road_access": 0.377, "flood_risk": 0.577, "true_b_dist": -0.574, "gwr_b_intercept": -0.47788618651426928, "gwr_b_dist_cbd": 0.53205323677919836, "gwr_b_road_access": 0.28983169970040207, "gwr_b_flood_risk": -0.584304693871042 }, "geometry": { "type": "Point", "coordinates": [ 8.803049874792027, 1.95668321302003 ] } },
{ "type": "Feature", "properties": { "parcel_id": "P040", "land_price": 42.42, "dist_cbd": 7.561, "road_access": 0.02, "flood_risk": 0.274, "true_b_dist": -0.718, "gwr_b_intercept": -0.11416610308754484, "gwr_b_dist_cbd": 0.44573106665586715, "gwr_b_road_access": 0.40184975384317417, "gwr_b_flood_risk": -0.3299269911092283 }, "geometry": { "type": "Point", "coordinates": [ 2.440764696895577, 9.832317502336647 ] } },
{ "type": "Feature", "properties": { "parcel_id": "P041", "land_price": 42.24, "dist_cbd": 0.539, "road_access": 0.322, "flood_risk": 0.554, "true_b_dist": -2.978, "gwr_b_intercept": -1.7911340041042907, "gwr_b_dist_cbd": -0.76068909666596518, "gwr_b_road_access": 0.66570141658705739, "gwr_b_flood_risk": -0.34886609138983521 }, "geometry": { "type": "Point", "coordinates": [ 9.903538202225404, 9.469435415611313 ] } },
{ "type": "Feature", "properties": { "parcel_id": "P042", "land_price": 45.52, "dist_cbd": 11.377, "road_access": 0.211, "flood_risk": 0.651, "true_b_dist": -0.118, "gwr_b_intercept": -0.293002459873279, "gwr_b_dist_cbd": 0.57987172902200645, "gwr_b_road_access": 0.32847042362170442, "gwr_b_flood_risk": -0.38892125648986664 }, "geometry": { "type": "Point", "coordinates": [ 0.687770422304368, 3.464037398200304 ] } },
{ "type": "Feature", "properties": { "parcel_id": "P043", "land_price": 39.48, "dist_cbd": 8.293, "road_access": 0.327, "flood_risk": 0.83, "true_b_dist": -0.538, "gwr_b_intercept": -0.26800058023125978, "gwr_b_dist_cbd": 0.58452376860037636, "gwr_b_road_access": 0.5658448144058954, "gwr_b_flood_risk": -0.46870020624403735 }, "geometry": { "type": "Point", "coordinates": [ 18.186408041575643, 8.67703298475946 ] } },
{ "type": "Feature", "properties": { "parcel_id": "P044", "land_price": 43.91, "dist_cbd": 5.234, "road_access": 0.12, "flood_risk": 0.206, "true_b_dist": -1.512, "gwr_b_intercept": -0.43388482943592666, "gwr_b_dist_cbd": 0.17500922886992906, "gwr_b_road_access": 0.39047270186753902, "gwr_b_flood_risk": -0.31114366842594532 }, "geometry": { "type": "Point", "coordinates": [ 5.175599632000338, 7.970094687947469 ] } },
{ "type": "Feature", "properties": { "parcel_id": "P045", "land_price": 47.1, "dist_cbd": 3.992, "road_access": 0.891, "flood_risk": 0.011, "true_b_dist": -2.014, "gwr_b_intercept": -0.33753890457082136, "gwr_b_dist_cbd": -0.099760338390629616, "gwr_b_road_access": 0.6249439943337628, "gwr_b_flood_risk": 0.042339942521871871 }, "geometry": { "type": "Point", "coordinates": [ 13.25044568707964, 12.31700196104433 ] } },
{ "type": "Feature", "properties": { "parcel_id": "P046", "land_price": 45.01, "dist_cbd": 4.635, "road_access": 0.594, "flood_risk": 0.137, "true_b_dist": -1.753, "gwr_b_intercept": -0.26796659190654182, "gwr_b_dist_cbd": 0.1389783621094533, "gwr_b_road_access": 0.56242840968956886, "gwr_b_flood_risk": -0.13097228915178072 }, "geometry": { "type": "Point", "coordinates": [ 6.23422152178822, 12.701873017352876 ] } },
{ "type": "Feature", "properties": { "parcel_id": "P047", "land_price": 39.12, "dist_cbd": 9.103, "road_access": 0.679, "flood_risk": 0.9, "true_b_dist": -0.378, "gwr_b_intercept": -0.45249609858737594, "gwr_b_dist_cbd": 0.66335925416054331, "gwr_b_road_access": 0.28590082470469591, "gwr_b_flood_risk": -0.60859307839798826 }, "geometry": { "type": "Point", "coordinates": [ 10.401360423556216, 0.90608019544089 ] } },
{ "type": "Feature", "properties": { "parcel_id": "P048", "land_price": 41.25, "dist_cbd": 2.676, "road_access": 0.789, "flood_risk": 0.874, "true_b_dist": -2.508, "gwr_b_intercept": -1.1841757211357393, "gwr_b_dist_cbd": -0.31055816127562452, "gwr_b_road_access": 0.61556531322732888, "gwr_b_flood_risk": -0.44102450636208695 }, "geometry": { "type": "Point", "coordinates": [ 10.934205586865593, 7.492252292529424 ] } },
{ "type": "Feature", "properties": { "parcel_id": "P049", "land_price": 39.08, "dist_cbd": 6.787, "road_access": 0.498, "flood_risk": 0.597, "true_b_dist": -0.948, "gwr_b_intercept": 0.11561565213824086, "gwr_b_dist_cbd": 0.63899521929343939, "gwr_b_road_access": 0.54224295966038705, "gwr_b_flood_risk": -0.13743046566610315 }, "geometry": { "type": "Point", "coordinates": [ 3.697089110510541, 12.517198314284727 ] } },
{ "type": "Feature", "properties": { "parcel_id": "P050", "land_price": 41.64, "dist_cbd": 9.392, "road_access": 0.087, "flood_risk": 0.601, "true_b_dist": -0.331, "gwr_b_intercept": -0.1320049958106323, "gwr_b_dist_cbd": 0.70509039186229305, "gwr_b_road_access": 0.56559290564245479, "gwr_b_flood_risk": -0.44550780593238004 }, "geometry": { "type": "Point", "coordinates": [ 19.391692555291172, 10.062725171601754 ] } },
{ "type": "Feature", "properties": { "parcel_id": "P051", "land_price": 51.69, "dist_cbd": 9.006, "road_access": 0.537, "flood_risk": 0.665, "true_b_dist": -0.395, "gwr_b_intercept": 0.3052845302475472, "gwr_b_dist_cbd": 0.562419382651138, "gwr_b_road_access": 0.38306442698601084, "gwr_b_flood_risk": 0.0089900004476329981 }, "geometry": { "type": "Point", "coordinates": [ 15.502656467222291, 17.129796823766444 ] } },
{ "type": "Feature", "properties": { "parcel_id": "P052", "land_price": 53.54, "dist_cbd": 9.345, "road_access": 0.587, "flood_risk": 0.175, "true_b_dist": -0.338, "gwr_b_intercept": 0.22077778115375041, "gwr_b_dist_cbd": 0.7548066963763147, "gwr_b_road_access": 0.4559876772127216, "gwr_b_flood_risk": -0.21775503614548419 }, "geometry": { "type": "Point", "coordinates": [ 18.789978831283783, 13.173872632378901 ] } },
{ "type": "Feature", "properties": { "parcel_id": "P053", "land_price": 47.82, "dist_cbd": 10.383, "road_access": 0.745, "flood_risk": 0.914, "true_b_dist": -0.203, "gwr_b_intercept": -0.41666168108709078, "gwr_b_dist_cbd": 0.58398426161005668, "gwr_b_road_access": 0.46632531849545211, "gwr_b_flood_risk": -0.33405242587531192 }, "geometry": { "type": "Point", "coordinates": [ 17.896547008552975, 3.258688541628594 ] } },
{ "type": "Feature", "properties": { "parcel_id": "P054", "land_price": 43.4, "dist_cbd": 8.809, "road_access": 0.432, "flood_risk": 0.419, "true_b_dist": -0.431, "gwr_b_intercept": -0.38501651293964667, "gwr_b_dist_cbd": 0.62397918311408107, "gwr_b_road_access": 0.33962184121516664, "gwr_b_flood_risk": -0.60237480589725023 }, "geometry": { "type": "Point", "coordinates": [ 11.957999576221702, 1.411374948008597 ] } },
{ "type": "Feature", "properties": { "parcel_id": "P055", "land_price": 46.43, "dist_cbd": 8.905, "road_access": 0.128, "flood_risk": 0.383, "true_b_dist": -0.413, "gwr_b_intercept": 0.20511563476190778, "gwr_b_dist_cbd": 0.73302586944484682, "gwr_b_road_access": 0.48112019370189218, "gwr_b_flood_risk": -0.22864614254799126 }, "geometry": { "type": "Point", "coordinates": [ 18.437484700462335, 12.848385564126312 ] } },
{ "type": "Feature", "properties": { "parcel_id": "P056", "land_price": 47.37, "dist_cbd": 12.546, "road_access": 0.284, "flood_risk": 0.519, "true_b_dist": -0.059, "gwr_b_intercept": -0.3763533505844317, "gwr_b_dist_cbd": 0.63339371923106513, "gwr_b_road_access": 0.37396853168762512, "gwr_b_flood_risk": -0.37051978402701208 }, "geometry": { "type": "Point", "coordinates": [ 1.76985004103839, 0.530226210832436 ] } },
{ "type": "Feature", "properties": { "parcel_id": "P057", "land_price": 42.35, "dist_cbd": 6.318, "road_access": 0.363, "flood_risk": 0.047, "true_b_dist": -1.106, "gwr_b_intercept": 0.040888167139868883, "gwr_b_dist_cbd": 0.51519310134444229, "gwr_b_road_access": 0.50332096106408342, "gwr_b_flood_risk": -0.18008778756422866 }, "geometry": { "type": "Point", "coordinates": [ 3.919657248382904, 11.715511625469265 ] } },
{ "type": "Feature", "properties": { "parcel_id": "P058", "land_price": 58.65, "dist_cbd": 12.659, "road_access": 0.646, "flood_risk": 0.166, "true_b_dist": -0.055, "gwr_b_intercept": 0.124479199357972, "gwr_b_dist_cbd": 0.58618755630694441, "gwr_b_road_access": 0.53454981982755356, "gwr_b_flood_risk": -0.1322793166273056 }, "geometry": { "type": "Point", "coordinates": [ 0.904545778210761, 18.804604828499151 ] } },
{ "type": "Feature", "properties": { "parcel_id": "P059", "land_price": 47.77, "dist_cbd": 3.806, "road_access": 0.571, "flood_risk": 0.738, "true_b_dist": -2.089, "gwr_b_intercept": -0.58837832650367183, "gwr_b_dist_cbd": -0.1223148969716942, "gwr_b_road_access": 0.55699906456589288, "gwr_b_flood_risk": -0.20795473749409518 }, "geometry": { "type": "Point", "coordinates": [ 6.506606615265287, 11.50948355751758 ] } },
{ "type": "Feature", "properties": { "parcel_id": "P060", "land_price": 44.14, "dist_cbd": 3.156, "road_access": 0.356, "flood_risk": 0.083, "true_b_dist": -2.339, "gwr_b_intercept": -0.93391567628595418, "gwr_b_dist_cbd": -0.15653794142634908, "gwr_b_road_access": 0.45155844850337035, "gwr_b_flood_risk": -0.42922101093987652 }, "geometry": { "type": "Point", "coordinates": [ 7.773545793789641, 7.763398524130438 ] } },
{ "type": "Feature", "properties": { "parcel_id": "P061", "land_price": 48.95, "dist_cbd": 5.397, "road_access": 0.987, "flood_risk": 0.603, "true_b_dist": -1.448, "gwr_b_intercept": -0.055884765535640021, "gwr_b_dist_cbd": 0.3861347458024994, "gwr_b_road_access": 0.55193725398966942, "gwr_b_flood_risk": -0.096774917438379932 }, "geometry": { "type": "Point", "coordinates": [ 5.426980635477918, 12.865764368847064 ] } },
{ "type": "Feature", "properties": { "parcel_id": "P062", "land_price": 46.88, "dist_cbd": 6.628, "road_access": 0.606, "flood_risk": 0.245, "true_b_dist": -1.001, "gwr_b_intercept": -0.27715101333404379, "gwr_b_dist_cbd": 0.38108451794037401, "gwr_b_road_access": 0.64377996528516823, "gwr_b_flood_risk": -0.37476490601581713 }, "geometry": { "type": "Point", "coordinates": [ 16.574750183038589, 9.165057809830333 ] } },
{ "type": "Feature", "properties": { "parcel_id": "P063", "land_price": 37.8, "dist_cbd": 3.007, "road_access": 0.237, "flood_risk": 0.389, "true_b_dist": -2.393, "gwr_b_intercept": -0.8884799228022433, "gwr_b_dist_cbd": -0.32024058220403856, "gwr_b_road_access": 0.56862699732523403, "gwr_b_flood_risk": -0.23912345104094962 }, "geometry": { "type": "Point", "coordinates": [ 7.135066533871786, 10.9123357863187 ] } },
{ "type": "Feature", "properties": { "parcel_id": "P064", "land_price": 46.89, "dist_cbd": 9.857, "road_access": 0.102, "flood_risk": 0.289, "true_b_dist": -0.264, "gwr_b_intercept": -0.010928718355093778, "gwr_b_dist_cbd": 0.74342556285456185, "gwr_b_road_access": 0.63532401672558148, "gwr_b_flood_risk": -0.079347481992118968 }, "geometry": { "type": "Point", "coordinates": [ 5.618690193747615, 18.829296175530502 ] } },
{ "type": "Feature", "properties": { "parcel_id": "P065", "land_price": 40.04, "dist_cbd": 2.433, "road_access": 0.153, "flood_risk": 0.356, "true_b_dist": -2.587, "gwr_b_intercept": -1.3192913198690577, "gwr_b_dist_cbd": -0.40637186966548178, "gwr_b_road_access": 0.63806483079837484, "gwr_b_flood_risk": -0.42464717473776403 }, "geometry": { "type": "Point", "coordinates": [ 10.85392166316497, 7.722052756015485 ] } },
{ "type": "Feature", "properties": { "parcel_id": "P066", "land_price": 46.37, "dist_cbd": 11.69, "road_access": 0.246, "flood_risk": 0.719, "true_b_dist": -0.098, "gwr_b_intercept": 0.069937810134284226, "gwr_b_dist_cbd": 0.61858874445590573, "gwr_b_road_access": 0.557432084100286, "gwr_b_flood_risk": -0.12331023816441318 }, "geometry": { "type": "Point", "coordinates": [ 2.818484499495253, 19.223811276478283 ] } },
{ "type": "Feature", "properties": { "parcel_id": "P067", "land_price": 47.49, "dist_cbd": 10.112, "road_access": 0.161, "flood_risk": 0.297, "true_b_dist": -0.233, "gwr_b_intercept": 0.29672375701450304, "gwr_b_dist_cbd": 0.55118335280392405, "gwr_b_road_access": 0.38319942346724806, "gwr_b_flood_risk": 0.050565174347868294 }, "geometry": { "type": "Point", "coordinates": [ 16.043939615080795, 18.107012839121275 ] } },
{ "type": "Feature", "properties": { "parcel_id": "P068", "land_price": 50.32, "dist_cbd": 10.46, "road_access": 0.187, "flood_risk": 0.566, "true_b_dist": -0.195, "gwr_b_intercept": -0.29090363669968311, "gwr_b_dist_cbd": 0.57856062361571414, "gwr_b_road_access": 0.33255427175888125, "gwr_b_flood_risk": -0.39647852953720197 }, "geometry": { "type": "Point", "coordinates": [ 1.491012873595416, 3.915822695785929 ] } },
{ "type": "Feature", "properties": { "parcel_id": "P069", "land_price": 49.82, "dist_cbd": 13.0, "road_access": 0.285, "flood_risk": 0.476, "true_b_dist": -0.044, "gwr_b_intercept": -0.40083812856909451, "gwr_b_dist_cbd": 0.57260144350940467, "gwr_b_road_access": 0.4487229537258971, "gwr_b_flood_risk": -0.34884330905596606 }, "geometry": { "type": "Point", "coordinates": [ 19.737738732010346, 1.387226017503309 ] } },
{ "type": "Feature", "properties": { "parcel_id": "P070", "land_price": 41.56, "dist_cbd": 9.664, "road_access": 0.173, "flood_risk": 0.664, "true_b_dist": -0.29, "gwr_b_intercept": -0.34664554659040597, "gwr_b_dist_cbd": 0.54439321876200453, "gwr_b_road_access": 0.43336029213000093, "gwr_b_flood_risk": -0.3608582386064827 }, "geometry": { "type": "Point", "coordinates": [ 15.444895385933147, 2.015560027548533 ] } },
{ "type": "Feature", "properties": { "parcel_id": "P071", "land_price": 50.05, "dist_cbd": 11.365, "road_access": 0.897, "flood_risk": 0.937, "true_b_dist": -0.119, "gwr_b_intercept": -0.41624123086028375, "gwr_b_dist_cbd": 0.64225609917673088, "gwr_b_road_access": 0.38347526877683924, "gwr_b_flood_risk": -0.40672103008558369 }, "geometry": { "type": "Point", "coordinates": [ 3.974313630683448, 0.364436513030995 ] } },
{ "type": "Feature", "properties": { "parcel_id": "P072", "land_price": 48.34, "dist_cbd": 12.79, "road_access": 0.08, "flood_risk": 0.733, "true_b_dist": -0.05, "gwr_b_intercept": -0.32213455003525049, "gwr_b_dist_cbd": 0.59868643779148856, "gwr_b_road_access": 0.3430538340205283, "gwr_b_flood_risk": -0.37617947073038088 }, "geometry": { "type": "Point", "coordinates": [ 0.110442342472048, 1.888859215118568 ] } },
{ "type": "Feature", "properties": { "parcel_id": "P073", "land_price": 50.75, "dist_cbd": 7.294, "road_access": 0.525, "flood_risk": 0.215, "true_b_dist": -0.793, "gwr_b_intercept": 0.39752146949956091, "gwr_b_dist_cbd": 0.59265586859780794, "gwr_b_road_access": 0.46704877974383219, "gwr_b_flood_risk": -0.089925019632255618 }, "geometry": { "type": "Point", "coordinates": [ 16.309228569096682, 13.660135468327137 ] } },
{ "type": "Feature", "properties": { "parcel_id": "P074", "land_price": 50.25, "dist_cbd": 9.522, "road_access": 0.41, "flood_risk": 0.031, "true_b_dist": -0.311, "gwr_b_intercept": -0.34734394934803436, "gwr_b_dist_cbd": 0.56014102024427226, "gwr_b_road_access": 0.40400781642467876, "gwr_b_flood_risk": -0.45420549792510856 }, "geometry": { "type": "Point", "coordinates": [ 14.137146876952343, 1.42377296920458 ] } },
{ "type": "Feature", "properties": { "parcel_id": "P075", "land_price": 46.35, "dist_cbd": 5.838, "road_access": 0.982, "flood_risk": 0.262, "true_b_dist": -1.28, "gwr_b_intercept": -0.50156919063429584, "gwr_b_dist_cbd": 0.28513602259471094, "gwr_b_road_access": 0.58465949407537565, "gwr_b_flood_risk": -0.36791967185269836 }, "geometry": { "type": "Point", "coordinates": [ 14.580143360819747, 6.379512605875226 ] } },
{ "type": "Feature", "properties": { "parcel_id": "P076", "land_price": 47.96, "dist_cbd": 8.776, "road_access": 0.112, "flood_risk": 0.595, "true_b_dist": -0.438, "gwr_b_intercept": 0.31278274958178037, "gwr_b_dist_cbd": 0.56547586574740449, "gwr_b_road_access": 0.38214345423364898, "gwr_b_flood_risk": -0.0050097532436033654 }, "geometry": { "type": "Point", "coordinates": [ 15.425406933718914, 16.89750621938909 ] } },
{ "type": "Feature", "properties": { "parcel_id": "P077", "land_price": 53.31, "dist_cbd": 12.786, "road_access": 0.398, "flood_risk": 0.051, "true_b_dist": -0.05, "gwr_b_intercept": -0.37355914974664289, "gwr_b_dist_cbd": 0.6327511488237253, "gwr_b_road_access": 0.37188146484471618, "gwr_b_flood_risk": -0.36842765989993831 }, "geometry": { "type": "Point", "coordinates": [ 1.480893034681807, 0.465438714716517 ] } },
{ "type": "Feature", "properties": { "parcel_id": "P078", "land_price": 53.15, "dist_cbd": 6.897, "road_access": 0.969, "flood_risk": 0.496, "true_b_dist": -0.913, "gwr_b_intercept": -0.0058233810196185315, "gwr_b_dist_cbd": 0.80344687678489712, "gwr_b_road_access": 0.64994073084440662, "gwr_b_flood_risk": -0.049976770077220477 }, "geometry": { "type": "Point", "coordinates": [ 7.169314570885453, 16.289369651778717 ] } },
{ "type": "Feature", "properties": { "parcel_id": "P079", "land_price": 50.29, "dist_cbd": 8.835, "road_access": 0.866, "flood_risk": 0.597, "true_b_dist": -0.426, "gwr_b_intercept": -0.2380678502902146, "gwr_b_dist_cbd": 0.54638508201084302, "gwr_b_road_access": 0.30295466852298353, "gwr_b_flood_risk": -0.45113471969444546 }, "geometry": { "type": "Point", "coordinates": [ 2.317381190502594, 5.637095495467999 ] } },
{ "type": "Feature", "properties": { "parcel_id": "P080", "land_price": 55.04, "dist_cbd": 10.538, "road_access": 0.817, "flood_risk": 0.334, "true_b_dist": -0.187, "gwr_b_intercept": -0.37657188845562217, "gwr_b_dist_cbd": 0.56190652173924838, "gwr_b_road_access": 0.45000012225927388, "gwr_b_flood_risk": -0.31029848380246106 }, "geometry": { "type": "Point", "coordinates": [ 17.262068517511871, 2.363296552433125 ] } },
{ "type": "Feature", "properties": { "parcel_id": "P081", "land_price": 40.79, "dist_cbd": 4.644, "road_access": 0.258, "flood_risk": 0.771, "true_b_dist": -1.75, "gwr_b_intercept": -0.12403974119733048, "gwr_b_dist_cbd": 0.042945732838374148, "gwr_b_road_access": 0.49820104990774244, "gwr_b_flood_risk": 0.028602052790067056 }, "geometry": { "type": "Point", "coordinates": [ 12.465962536551158, 13.934743307283012 ] } },
{ "type": "Feature", "properties": { "parcel_id": "P082", "land_price": 46.99, "dist_cbd": 4.253, "road_access": 0.171, "flood_risk": 0.107, "true_b_dist": -1.909, "gwr_b_intercept": -0.45102043956797611, "gwr_b_dist_cbd": -0.024662845550831286, "gwr_b_road_access": 0.57429309815733143, "gwr_b_flood_risk": -0.14054232756774118 }, "geometry": { "type": "Point", "coordinates": [ 6.617960497052984, 12.578856935597679 ] } },
{ "type": "Feature", "properties": { "parcel_id": "P083", "land_price": 54.55, "dist_cbd": 11.541, "road_access": 0.669, "flood_risk": 0.075, "true_b_dist": -0.107, "gwr_b_intercept": 0.12601529152126215, "gwr_b_dist_cbd": 0.59453447370594481, "gwr_b_road_access": 0.54466410891046291, "gwr_b_flood_risk": -0.11392896865531395 }, "geometry": { "type": "Point", "coordinates": [ 1.271167005720473, 17.549440270541059 ] } },
{ "type": "Feature", "properties": { "parcel_id": "P084", "land_price": 54.92, "dist_cbd": 6.033, "road_access": 0.929, "flood_risk": 0.728, "true_b_dist": -1.208, "gwr_b_intercept": -0.088735670759268359, "gwr_b_dist_cbd": 0.4864782573054901, "gwr_b_road_access": 0.64082924449732581, "gwr_b_flood_risk": -0.071028541248721502 }, "geometry": { "type": "Point", "coordinates": [ 6.219646434313244, 14.701420876077716 ] } },
{ "type": "Feature", "properties": { "parcel_id": "P085", "land_price": 45.23, "dist_cbd": 7.005, "road_access": 0.557, "flood_risk": 0.495, "true_b_dist": -0.88, "gwr_b_intercept": -0.053416971170091296, "gwr_b_dist_cbd": 0.75688293084647174, "gwr_b_road_access": 0.67692178344374876, "gwr_b_flood_risk": -0.051528193090767629 }, "geometry": { "type": "Point", "coordinates": [ 6.503666440534941, 16.06961860769697 ] } },
{ "type": "Feature", "properties": { "parcel_id": "P086", "land_price": 47.3, "dist_cbd": 6.332, "road_access": 0.572, "flood_risk": 0.688, "true_b_dist": -1.101, "gwr_b_intercept": -0.44205381640694519, "gwr_b_dist_cbd": 0.38408882435124087, "gwr_b_road_access": 0.54176614016333402, "gwr_b_flood_risk": -0.38229693520557217 }, "geometry": { "type": "Point", "coordinates": [ 14.592123566761281, 5.64069145142613 ] } },
{ "type": "Feature", "properties": { "parcel_id": "P087", "land_price": 43.2, "dist_cbd": 7.013, "road_access": 0.28, "flood_risk": 0.435, "true_b_dist": -0.877, "gwr_b_intercept": -0.33569920695895783, "gwr_b_dist_cbd": 0.51638872347930598, "gwr_b_road_access": 0.4116540197105728, "gwr_b_flood_risk": -0.58048120130488057 }, "geometry": { "type": "Point", "coordinates": [ 12.751149427104263, 3.548790875594456 ] } },
{ "type": "Feature", "properties": { "parcel_id": "P088", "land_price": 50.41, "dist_cbd": 9.225, "road_access": 0.769, "flood_risk": 0.246, "true_b_dist": -0.357, "gwr_b_intercept": 0.410787019884436, "gwr_b_dist_cbd": 0.61726256030792581, "gwr_b_road_access": 0.34944873017848654, "gwr_b_flood_risk": -0.099888120355877907 }, "geometry": { "type": "Point", "coordinates": [ 17.744254851526531, 15.012295032817168 ] } },
{ "type": "Feature", "properties": { "parcel_id": "P089", "land_price": 41.25, "dist_cbd": 6.162, "road_access": 0.187, "flood_risk": 0.819, "true_b_dist": -1.161, "gwr_b_intercept": 0.093243919242535583, "gwr_b_dist_cbd": 0.69052129713781618, "gwr_b_road_access": 0.58539029429647238, "gwr_b_flood_risk": -0.014292952519813967 }, "geometry": { "type": "Point", "coordinates": [ 9.444298503238986, 16.136694785345281 ] } },
{ "type": "Feature", "properties": { "parcel_id": "P090", "land_price": 49.24, "dist_cbd": 12.415, "road_access": 0.324, "flood_risk": 0.799, "true_b_dist": -0.064, "gwr_b_intercept": 0.087585679651146622, "gwr_b_dist_cbd": 0.6023118917737369, "gwr_b_road_access": 0.54479144683822023, "gwr_b_flood_risk": -0.13476414078561821 }, "geometry": { "type": "Point", "coordinates": [ 2.391884918766034, 19.810102840013467 ] } },
{ "type": "Feature", "properties": { "parcel_id": "P091", "land_price": 40.99, "dist_cbd": 4.609, "road_access": 0.425, "flood_risk": 0.695, "true_b_dist": -1.764, "gwr_b_intercept": -0.71577309880771456, "gwr_b_dist_cbd": -0.047499619395515072, "gwr_b_road_access": 0.75124373214698947, "gwr_b_flood_risk": -0.23937136050781987 }, "geometry": { "type": "Point", "coordinates": [ 14.264895744459899, 8.25235353822853 ] } },
{ "type": "Feature", "properties": { "parcel_id": "P092", "land_price": 45.96, "dist_cbd": 5.81, "road_access": 0.508, "flood_risk": 0.272, "true_b_dist": -1.29, "gwr_b_intercept": -0.5146860896366332, "gwr_b_dist_cbd": 0.22754735463411724, "gwr_b_road_access": 0.61959669157878061, "gwr_b_flood_risk": -0.35673080222067149 }, "geometry": { "type": "Point", "coordinates": [ 15.215700972337949, 7.440361715855664 ] } },
{ "type": "Feature", "properties": { "parcel_id": "P093", "land_price": 41.42, "dist_cbd": 5.662, "road_access": 0.242, "flood_risk": 0.59, "true_b_dist": -1.346, "gwr_b_intercept": 0.063927958268906626, "gwr_b_dist_cbd": 0.37961465241023457, "gwr_b_road_access": 0.5292123097238044, "gwr_b_flood_risk": 0.029945959013852774 }, "geometry": { "type": "Point", "coordinates": [ 11.225543951389925, 15.528259214839936 ] } },
{ "type": "Feature", "properties": { "parcel_id": "P094", "land_price": 40.93, "dist_cbd": 6.285, "road_access": 0.115, "flood_risk": 0.361, "true_b_dist": -1.117, "gwr_b_intercept": -0.47728679237735339, "gwr_b_dist_cbd": 0.33814207889257575, "gwr_b_road_access": 0.56636918662905555, "gwr_b_flood_risk": -0.3911134777523933 }, "geometry": { "type": "Point", "coordinates": [ 15.419343599091221, 6.816070805060357 ] } },
{ "type": "Feature", "properties": { "parcel_id": "P095", "land_price": 57.09, "dist_cbd": 8.616, "road_access": 0.611, "flood_risk": 0.092, "true_b_dist": -0.469, "gwr_b_intercept": 0.10748590024399399, "gwr_b_dist_cbd": 0.8782285419653576, "gwr_b_road_access": 0.60067746977614467, "gwr_b_flood_risk": 0.055410427789595429 }, "geometry": { "type": "Point", "coordinates": [ 9.875911927287815, 18.615146512071295 ] } },
{ "type": "Feature", "properties": { "parcel_id": "P096", "land_price": 49.72, "dist_cbd": 7.183, "road_access": 0.289, "flood_risk": 0.917, "true_b_dist": -0.826, "gwr_b_intercept": 0.13195239320243216, "gwr_b_dist_cbd": 0.72413332607620806, "gwr_b_road_access": 0.57558497250088392, "gwr_b_flood_risk": 0.033246657730308299 }, "geometry": { "type": "Point", "coordinates": [ 10.454656587639882, 17.168255036860238 ] } },
{ "type": "Feature", "properties": { "parcel_id": "P097", "land_price": 49.37, "dist_cbd": 2.029, "road_access": 0.581, "flood_risk": 0.137, "true_b_dist": -2.707, "gwr_b_intercept": -1.2580324366130684, "gwr_b_dist_cbd": -0.40457564243156563, "gwr_b_road_access": 0.53973017384834265, "gwr_b_flood_risk": -0.42673093467507439 }, "geometry": { "type": "Point", "coordinates": [ 8.550820367170992, 8.579880547500366 ] } },
{ "type": "Feature", "properties": { "parcel_id": "P098", "land_price": 47.64, "dist_cbd": 10.736, "road_access": 0.154, "flood_risk": 0.95, "true_b_dist": -0.168, "gwr_b_intercept": 0.14350185040063185, "gwr_b_dist_cbd": 0.70449612751764601, "gwr_b_road_access": 0.55436109014171053, "gwr_b_flood_risk": -0.094676261510986126 }, "geometry": { "type": "Point", "coordinates": [ 0.508382534881904, 15.017421355829947 ] } },
{ "type": "Feature", "properties": { "parcel_id": "P099", "land_price": 50.16, "dist_cbd": 9.35, "road_access": 0.481, "flood_risk": 0.446, "true_b_dist": -0.337, "gwr_b_intercept": 0.096075199761481933, "gwr_b_dist_cbd": 0.81212259770507478, "gwr_b_road_access": 0.59106791490680299, "gwr_b_flood_risk": -0.042122055475256312 }, "geometry": { "type": "Point", "coordinates": [ 2.157828539866089, 15.090857481693646 ] } },
{ "type": "Feature", "properties": { "parcel_id": "P100", "land_price": 53.77, "dist_cbd": 12.281, "road_access": 0.533, "flood_risk": 0.185, "true_b_dist": -0.069, "gwr_b_intercept": -0.32605750095999131, "gwr_b_dist_cbd": 0.60110362160463104, "gwr_b_road_access": 0.34778947089492784, "gwr_b_flood_risk": -0.37697685825407246 }, "geometry": { "type": "Point", "coordinates": [ 0.628583713734685, 2.062477376718652 ] } },
{ "type": "Feature", "properties": { "parcel_id": "P101", "land_price": 42.07, "dist_cbd": 8.501, "road_access": 0.052, "flood_risk": 0.542, "true_b_dist": -0.493, "gwr_b_intercept": 0.1628924575297519, "gwr_b_dist_cbd": 0.63494704846465222, "gwr_b_road_access": 0.50986558571193474, "gwr_b_flood_risk": 0.082297690783207242 }, "geometry": { "type": "Point", "coordinates": [ 12.728208225275608, 18.051058133591333 ] } },
{ "type": "Feature", "properties": { "parcel_id": "P102", "land_price": 42.28, "dist_cbd": 3.714, "road_access": 0.337, "flood_risk": 0.873, "true_b_dist": -2.125, "gwr_b_intercept": -0.63988415024043377, "gwr_b_dist_cbd": -0.10579226770272802, "gwr_b_road_access": 0.50236313446742564, "gwr_b_flood_risk": -0.23567811332700372 }, "geometry": { "type": "Point", "coordinates": [ 6.287119621526534, 10.105047448957142 ] } },
{ "type": "Feature", "properties": { "parcel_id": "P103", "land_price": 37.86, "dist_cbd": 6.531, "road_access": 0.134, "flood_risk": 0.732, "true_b_dist": -1.033, "gwr_b_intercept": 0.12136643332593272, "gwr_b_dist_cbd": 0.67256507583373337, "gwr_b_road_access": 0.57627364531656666, "gwr_b_flood_risk": 0.016481804796565011 }, "geometry": { "type": "Point", "coordinates": [ 10.171413823294056, 16.529149322154833 ] } },
{ "type": "Feature", "properties": { "parcel_id": "P104", "land_price": 41.58, "dist_cbd": 8.911, "road_access": 0.063, "flood_risk": 0.807, "true_b_dist": -0.412, "gwr_b_intercept": -0.44612780923399187, "gwr_b_dist_cbd": 0.60657245117873926, "gwr_b_road_access": 0.48813243505679432, "gwr_b_flood_risk": -0.43509507493109156 }, "geometry": { "type": "Point", "coordinates": [ 18.151329478521859, 6.400992020612235 ] } },
{ "type": "Feature", "properties": { "parcel_id": "P105", "land_price": 55.41, "dist_cbd": 9.366, "road_access": 0.99, "flood_risk": 0.659, "true_b_dist": -0.335, "gwr_b_intercept": -0.05673279480028591, "gwr_b_dist_cbd": 0.77248757057193307, "gwr_b_road_access": 0.65729041003292976, "gwr_b_flood_risk": -0.060160777470715243 }, "geometry": { "type": "Point", "coordinates": [ 4.985844582977499, 17.910464569924009 ] } },
{ "type": "Feature", "properties": { "parcel_id": "P106", "land_price": 38.61, "dist_cbd": 2.85, "road_access": 0.322, "flood_risk": 0.692, "true_b_dist": -2.449, "gwr_b_intercept": -1.0852049526412673, "gwr_b_dist_cbd": -0.24788097614225263, "gwr_b_road_access": 0.46673780939062581, "gwr_b_flood_risk": -0.4597795989385407 }, "geometry": { "type": "Point", "coordinates": [ 8.207658460712594, 7.784033574683262 ] } },
{ "type": "Feature", "properties": { "parcel_id": "P107", "land_price": 52.83, "dist_cbd": 11.038, "road_access": 0.81, "flood_risk": 0.849, "true_b_dist": -0.143, "gwr_b_intercept": -0.34667122655686894, "gwr_b_dist_cbd": 0.54284819033455944, "gwr_b_road_access": 0.40549855633597454, "gwr_b_flood_risk": -0.41946695973655751 }, "geometry": { "type": "Point", "coordinates": [ 15.111022770860973, 0.216753029605967 ] } },
{ "type": "Feature", "properties": { "parcel_id": "P108", "land_price": 45.15, "dist_cbd": 9.755, "road_access": 0.255, "flood_risk": 0.25, "true_b_dist": -0.278, "gwr_b_intercept": -0.022935470272599887, "gwr_b_dist_cbd": 0.7204129931310933, "gwr_b_road_access": 0.6286561771253214, "gwr_b_flood_risk": -0.07744747456476711 }, "geometry": { "type": "Point", "coordinates": [ 4.575963309832449, 18.107639528385274 ] } },
{ "type": "Feature", "properties": { "parcel_id": "P109", "land_price": 46.03, "dist_cbd": 11.764, "road_access": 0.682, "flood_risk": 0.489, "true_b_dist": -0.094, "gwr_b_intercept": -0.34857325181142418, "gwr_b_dist_cbd": 0.61765578143438726, "gwr_b_road_access": 0.36565613129077557, "gwr_b_flood_risk": -0.37041433543111268 }, "geometry": { "type": "Point", "coordinates": [ 1.53959819657586, 1.825733535722671 ] } },
{ "type": "Feature", "properties": { "parcel_id": "P110", "land_price": 47.27, "dist_cbd": 5.544, "road_access": 0.76, "flood_risk": 0.221, "true_b_dist": -1.391, "gwr_b_intercept": -0.43644727097180125, "gwr_b_dist_cbd": 0.28851022013248784, "gwr_b_road_access": 0.33081631393632649, "gwr_b_flood_risk": -0.41463514102738241 }, "geometry": { "type": "Point", "coordinates": [ 5.795029058275361, 6.386272751808297 ] } },
{ "type": "Feature", "properties": { "parcel_id": "P111", "land_price": 54.52, "dist_cbd": 11.266, "road_access": 0.596, "flood_risk": 0.988, "true_b_dist": -0.126, "gwr_b_intercept": 0.054935099125566919, "gwr_b_dist_cbd": 0.63124933101236225, "gwr_b_road_access": 0.56781678306529848, "gwr_b_flood_risk": -0.11595132560644039 }, "geometry": { "type": "Point", "coordinates": [ 3.224425745080088, 19.001239341016099 ] } },
{ "type": "Feature", "properties": { "parcel_id": "P112", "land_price": 56.16, "dist_cbd": 12.453, "road_access": 0.472, "flood_risk": 0.944, "true_b_dist": -0.062, "gwr_b_intercept": 0.34966302304969865, "gwr_b_dist_cbd": 0.5479907768530532, "gwr_b_road_access": 0.35443502297545471, "gwr_b_flood_risk": 0.030685157215793832 }, "geometry": { "type": "Point", "coordinates": [ 18.59395304685146, 19.012142938751122 ] } },
{ "type": "Feature", "properties": { "parcel_id": "P113", "land_price": 44.87, "dist_cbd": 6.335, "road_access": 0.412, "flood_risk": 0.039, "true_b_dist": -1.1, "gwr_b_intercept": 0.057844324954375803, "gwr_b_dist_cbd": 0.4266983266179401, "gwr_b_road_access": 0.70399995340317945, "gwr_b_flood_risk": -0.1790353663536704 }, "geometry": { "type": "Point", "coordinates": [ 16.162407591288339, 11.468757762465723 ] } },
{ "type": "Feature", "properties": { "parcel_id": "P114", "land_price": 46.7, "dist_cbd": 3.751, "road_access": 0.349, "flood_risk": 0.706, "true_b_dist": -2.11, "gwr_b_intercept": -0.56602665782206585, "gwr_b_dist_cbd": -0.28497665861460447, "gwr_b_road_access": 0.56153882918978204, "gwr_b_flood_risk": 0.034743112129765705 }, "geometry": { "type": "Point", "coordinates": [ 12.66807513020847, 12.636744243395984 ] } },
{ "type": "Feature", "properties": { "parcel_id": "P115", "land_price": 44.41, "dist_cbd": 7.5, "road_access": 0.93, "flood_risk": 0.925, "true_b_dist": -0.735, "gwr_b_intercept": -0.24998254988478469, "gwr_b_dist_cbd": 0.50047447818035007, "gwr_b_road_access": 0.60169216634662259, "gwr_b_flood_risk": -0.4316747550711077 }, "geometry": { "type": "Point", "coordinates": [ 17.429211803754356, 8.968910439566395 ] } },
{ "type": "Feature", "properties": { "parcel_id": "P116", "land_price": 48.97, "dist_cbd": 7.348, "road_access": 0.831, "flood_risk": 0.181, "true_b_dist": -0.778, "gwr_b_intercept": -0.44529245954806895, "gwr_b_dist_cbd": 0.50414840329547717, "gwr_b_road_access": 0.52589344181870767, "gwr_b_flood_risk": -0.36165159437917671 }, "geometry": { "type": "Point", "coordinates": [ 16.073441537982291, 5.864215433961291 ] } },
{ "type": "Feature", "properties": { "parcel_id": "P117", "land_price": 49.84, "dist_cbd": 7.144, "road_access": 0.965, "flood_risk": 0.568, "true_b_dist": -0.838, "gwr_b_intercept": -0.22065575768040291, "gwr_b_dist_cbd": 0.5129300976332416, "gwr_b_road_access": 0.30433260717702593, "gwr_b_flood_risk": -0.47176697008342089 }, "geometry": { "type": "Point", "coordinates": [ 3.731401177720717, 6.573290907398319 ] } },
{ "type": "Feature", "properties": { "parcel_id": "P118", "land_price": 47.03, "dist_cbd": 8.576, "road_access": 0.124, "flood_risk": 0.915, "true_b_dist": -0.477, "gwr_b_intercept": 0.29875696409880181, "gwr_b_dist_cbd": 0.67367082931215005, "gwr_b_road_access": 0.45719414772685207, "gwr_b_flood_risk": -0.16524251248929778 }, "geometry": { "type": "Point", "coordinates": [ 17.851179969799556, 13.450369121540769 ] } },
{ "type": "Feature", "properties": { "parcel_id": "P119", "land_price": 43.07, "dist_cbd": 5.108, "road_access": 0.731, "flood_risk": 0.034, "true_b_dist": -1.562, "gwr_b_intercept": -0.14229202246776737, "gwr_b_dist_cbd": 0.14188879187297626, "gwr_b_road_access": 0.50024604251926097, "gwr_b_flood_risk": 0.036679672140511488 }, "geometry": { "type": "Point", "coordinates": [ 10.786844838313014, 15.0474905887536 ] } },
{ "type": "Feature", "properties": { "parcel_id": "P120", "land_price": 56.32, "dist_cbd": 8.474, "road_access": 0.938, "flood_risk": 0.697, "true_b_dist": -0.498, "gwr_b_intercept": 0.3872536756356732, "gwr_b_dist_cbd": 0.57407031605262571, "gwr_b_road_access": 0.36627270309593019, "gwr_b_flood_risk": -0.059694571691770087 }, "geometry": { "type": "Point", "coordinates": [ 16.148803103281249, 15.83158087451697 ] } },
{ "type": "Feature", "properties": { "parcel_id": "P121", "land_price": 52.35, "dist_cbd": 9.814, "road_access": 0.181, "flood_risk": 0.297, "true_b_dist": -0.27, "gwr_b_intercept": 0.40291069202644475, "gwr_b_dist_cbd": 0.587566667350223, "gwr_b_road_access": 0.34493982891393093, "gwr_b_flood_risk": -0.072624451699312448 }, "geometry": { "type": "Point", "coordinates": [ 17.921825998469863, 15.792362855891078 ] } },
{ "type": "Feature", "properties": { "parcel_id": "P122", "land_price": 37.64, "dist_cbd": 8.95, "road_access": 0.066, "flood_risk": 0.924, "true_b_dist": -0.405, "gwr_b_intercept": -0.45755135836314142, "gwr_b_dist_cbd": 0.6173638594923615, "gwr_b_road_access": 0.38375599152199424, "gwr_b_flood_risk": -0.47489171675730424 }, "geometry": { "type": "Point", "coordinates": [ 6.360069499437278, 1.824122060973807 ] } },
{ "type": "Feature", "properties": { "parcel_id": "P123", "land_price": 44.23, "dist_cbd": 7.8, "road_access": 0.741, "flood_risk": 0.971, "true_b_dist": -0.656, "gwr_b_intercept": -0.096738057147899278, "gwr_b_dist_cbd": 0.47976281184270059, "gwr_b_road_access": 0.40878532605242518, "gwr_b_flood_risk": -0.3351270347022941 }, "geometry": { "type": "Point", "coordinates": [ 2.201038490553535, 9.888406094051629 ] } },
{ "type": "Feature", "properties": { "parcel_id": "P124", "land_price": 46.42, "dist_cbd": 10.388, "road_access": 0.574, "flood_risk": 0.944, "true_b_dist": -0.202, "gwr_b_intercept": -0.41182955089875262, "gwr_b_dist_cbd": 0.63145007197371705, "gwr_b_road_access": 0.38790569477618064, "gwr_b_flood_risk": -0.41536703684966469 }, "geometry": { "type": "Point", "coordinates": [ 4.558703250838834, 1.151175200332886 ] } },
{ "type": "Feature", "properties": { "parcel_id": "P125", "land_price": 51.68, "dist_cbd": 1.763, "road_access": 0.842, "flood_risk": 0.474, "true_b_dist": -2.776, "gwr_b_intercept": -1.1633353830378987, "gwr_b_dist_cbd": -0.50523386241340562, "gwr_b_road_access": 0.59509366986168966, "gwr_b_flood_risk": -0.26116223276913331 }, "geometry": { "type": "Point", "coordinates": [ 8.542155772525126, 10.99057764647471 ] } },
{ "type": "Feature", "properties": { "parcel_id": "P126", "land_price": 35.75, "dist_cbd": 6.467, "road_access": 0.14, "flood_risk": 0.862, "true_b_dist": -1.055, "gwr_b_intercept": -0.33136308628942052, "gwr_b_dist_cbd": 0.34831936555721921, "gwr_b_road_access": 0.63612075117683631, "gwr_b_flood_risk": -0.37699618230481186 }, "geometry": { "type": "Point", "coordinates": [ 16.360295318449861, 8.830610027467539 ] } },
{ "type": "Feature", "properties": { "parcel_id": "P127", "land_price": 50.73, "dist_cbd": 10.591, "road_access": 0.795, "flood_risk": 0.845, "true_b_dist": -0.182, "gwr_b_intercept": 0.34481053552476254, "gwr_b_dist_cbd": 0.55739265646015523, "gwr_b_road_access": 0.35864384606921007, "gwr_b_flood_risk": 0.0091868126076562126 }, "geometry": { "type": "Point", "coordinates": [ 17.214611665126867, 17.754083655165996 ] } },
{ "type": "Feature", "properties": { "parcel_id": "P128", "land_price": 46.81, "dist_cbd": 10.302, "road_access": 0.202, "flood_risk": 0.319, "true_b_dist": -0.211, "gwr_b_intercept": -0.19762326860395904, "gwr_b_dist_cbd": 0.5580404316251506, "gwr_b_road_access": 0.30780926697456573, "gwr_b_flood_risk": -0.43653128678803449 }, "geometry": { "type": "Point", "coordinates": [ 0.139042610623814, 7.018300251041573 ] } },
{ "type": "Feature", "properties": { "parcel_id": "P129", "land_price": 42.9, "dist_cbd": 7.662, "road_access": 0.164, "flood_risk": 0.829, "true_b_dist": -0.691, "gwr_b_intercept": -0.46351661601323974, "gwr_b_dist_cbd": 0.48710474634766443, "gwr_b_road_access": 0.2633261852326152, "gwr_b_flood_risk": -0.63798522934100155 }, "geometry": { "type": "Point", "coordinates": [ 10.214946051551316, 2.341340328552117 ] } },
{ "type": "Feature", "properties": { "parcel_id": "P130", "land_price": 46.91, "dist_cbd": 7.329, "road_access": 0.164, "flood_risk": 0.037, "true_b_dist": -0.783, "gwr_b_intercept": -0.48583165773809739, "gwr_b_dist_cbd": 0.4471147786747236, "gwr_b_road_access": 0.29836842051153456, "gwr_b_flood_risk": -0.57000496896765029 }, "geometry": { "type": "Point", "coordinates": [ 8.34822006297558, 2.859833641056717 ] } },
{ "type": "Feature", "properties": { "parcel_id": "P131", "land_price": 48.87, "dist_cbd": 7.632, "road_access": 0.815, "flood_risk": 0.596, "true_b_dist": -0.699, "gwr_b_intercept": 0.029938209474479893, "gwr_b_dist_cbd": 0.76482999950500741, "gwr_b_road_access": 0.62540233405097445, "gwr_b_flood_risk": -0.0084207039302630106 }, "geometry": { "type": "Point", "coordinates": [ 4.442156209414605, 15.230212634349446 ] } },
{ "type": "Feature", "properties": { "parcel_id": "P132", "land_price": 52.28, "dist_cbd": 7.962, "road_access": 0.665, "flood_risk": 0.23, "true_b_dist": -0.615, "gwr_b_intercept": 0.13905809722044046, "gwr_b_dist_cbd": 0.80190383487953532, "gwr_b_road_access": 0.5656467522426839, "gwr_b_flood_risk": -0.17953544099655763 }, "geometry": { "type": "Point", "coordinates": [ 2.397307346673656, 12.364361266325222 ] } },
{ "type": "Feature", "properties": { "parcel_id": "P133", "land_price": 40.63, "dist_cbd": 8.613, "road_access": 0.523, "flood_risk": 0.121, "true_b_dist": -0.469, "gwr_b_intercept": -0.4654034706299367, "gwr_b_dist_cbd": 0.6053523502899969, "gwr_b_road_access": 0.37241390630644705, "gwr_b_flood_risk": -0.49420609680670302 }, "geometry": { "type": "Point", "coordinates": [ 6.752303428072559, 2.022453522455805 ] } },
{ "type": "Feature", "properties": { "parcel_id": "P134", "land_price": 54.79, "dist_cbd": 12.151, "road_access": 0.359, "flood_risk": 0.077, "true_b_dist": -0.075, "gwr_b_intercept": -0.39271727379935939, "gwr_b_dist_cbd": 0.56902559700622746, "gwr_b_road_access": 0.4483546251330246, "gwr_b_flood_risk": -0.33764587328643836 }, "geometry": { "type": "Point", "coordinates": [ 18.858194078250385, 1.682136122299949 ] } },
{ "type": "Feature", "properties": { "parcel_id": "P135", "land_price": 42.56, "dist_cbd": 5.353, "road_access": 0.877, "flood_risk": 0.696, "true_b_dist": -1.465, "gwr_b_intercept": -0.16926495487574661, "gwr_b_dist_cbd": 0.30877778366741931, "gwr_b_road_access": 0.61296499359760381, "gwr_b_flood_risk": -0.080574147320469247 }, "geometry": { "type": "Point", "coordinates": [ 6.464058640415105, 14.019382629182399 ] } },
{ "type": "Feature", "properties": { "parcel_id": "P136", "land_price": 45.21, "dist_cbd": 8.553, "road_access": 0.392, "flood_risk": 0.34, "true_b_dist": -0.482, "gwr_b_intercept": -0.44774041768737483, "gwr_b_dist_cbd": 0.60350080173332632, "gwr_b_road_access": 0.28161829941143229, "gwr_b_flood_risk": -0.61992830443581237 }, "geometry": { "type": "Point", "coordinates": [ 10.375812434867322, 1.455260127283871 ] } },
{ "type": "Feature", "properties": { "parcel_id": "P137", "land_price": 46.36, "dist_cbd": 7.611, "road_access": 0.817, "flood_risk": 0.725, "true_b_dist": -0.705, "gwr_b_intercept": 0.25317932720385938, "gwr_b_dist_cbd": 0.57902854963827377, "gwr_b_road_access": 0.44754907988623704, "gwr_b_flood_risk": 0.0080570069827110846 }, "geometry": { "type": "Point", "coordinates": [ 14.060379177903556, 16.437201185807126 ] } },
{ "type": "Feature", "properties": { "parcel_id": "P138", "land_price": 41.45, "dist_cbd": 4.945, "road_access": 0.439, "flood_risk": 0.065, "true_b_dist": -1.628, "gwr_b_intercept": -0.33090612075827491, "gwr_b_dist_cbd": 0.11527562930439486, "gwr_b_road_access": 0.59993478077109774, "gwr_b_flood_risk": -0.073292619223386313 }, "geometry": { "type": "Point", "coordinates": [ 7.27259204758588, 14.124844543129925 ] } },
{ "type": "Feature", "properties": { "parcel_id": "P139", "land_price": 53.27, "dist_cbd": 12.615, "road_access": 0.377, "flood_risk": 0.315, "true_b_dist": -0.056, "gwr_b_intercept": -0.40202249060384976, "gwr_b_dist_cbd": 0.57397767137944566, "gwr_b_road_access": 0.45026836542678661, "gwr_b_flood_risk": -0.34732760795197737 }, "geometry": { "type": "Point", "coordinates": [ 19.435641654419214, 1.626975612837995 ] } },
{ "type": "Feature", "properties": { "parcel_id": "P140", "land_price": 47.2, "dist_cbd": 12.429, "road_access": 0.463, "flood_risk": 0.539, "true_b_dist": -0.063, "gwr_b_intercept": -0.4005507076348151, "gwr_b_dist_cbd": 0.57336769675638977, "gwr_b_road_access": 0.45025591363511958, "gwr_b_flood_risk": -0.34490604217729426 }, "geometry": { "type": "Point", "coordinates": [ 19.248945898842223, 1.696754281703838 ] } },
{ "type": "Feature", "properties": { "parcel_id": "P141", "land_price": 50.21, "dist_cbd": 10.926, "road_access": 0.301, "flood_risk": 0.791, "true_b_dist": -0.152, "gwr_b_intercept": 0.035668314110655117, "gwr_b_dist_cbd": 0.66585031634960046, "gwr_b_road_access": 0.59637976419252681, "gwr_b_flood_risk": -0.10633197198835855 }, "geometry": { "type": "Point", "coordinates": [ 5.035645916507283, 19.732791570023508 ] } },
{ "type": "Feature", "properties": { "parcel_id": "P142", "land_price": 46.85, "dist_cbd": 2.515, "road_access": 0.748, "flood_risk": 0.319, "true_b_dist": -2.561, "gwr_b_intercept": -1.3045756426134238, "gwr_b_dist_cbd": -0.35857864445620724, "gwr_b_road_access": 0.52269043351296107, "gwr_b_flood_risk": -0.49913593490115088 }, "geometry": { "type": "Point", "coordinates": [ 9.94497011784771, 7.485415915122406 ] } },
{ "type": "Feature", "properties": { "parcel_id": "P143", "land_price": 42.34, "dist_cbd": 4.749, "road_access": 0.503, "flood_risk": 0.626, "true_b_dist": -1.707, "gwr_b_intercept": -0.51550432607950913, "gwr_b_dist_cbd": 0.14061967957557209, "gwr_b_road_access": 0.39173966988639897, "gwr_b_flood_risk": -0.34431147292062203 }, "geometry": { "type": "Point", "coordinates": [ 6.017566196335393, 7.412842941337818 ] } },
{ "type": "Feature", "properties": { "parcel_id": "P144", "land_price": 44.93, "dist_cbd": 7.593, "road_access": 0.232, "flood_risk": 0.886, "true_b_dist": -0.71, "gwr_b_intercept": -0.062017430373455987, "gwr_b_dist_cbd": 0.80886871139231031, "gwr_b_road_access": 0.68386630014452998, "gwr_b_flood_risk": -0.0242121954172832 }, "geometry": { "type": "Point", "coordinates": [ 5.696809887549352, 16.255991345150051 ] } },
{ "type": "Feature", "properties": { "parcel_id": "P145", "land_price": 51.5, "dist_cbd": 12.876, "road_access": 0.9, "flood_risk": 0.616, "true_b_dist": -0.048, "gwr_b_intercept": 0.12916267457507769, "gwr_b_dist_cbd": 0.58203835828807993, "gwr_b_road_access": 0.53178753992249972, "gwr_b_flood_risk": -0.13496421607552903 }, "geometry": { "type": "Point", "coordinates": [ 0.737738947090656, 18.944971547677174 ] } },
{ "type": "Feature", "properties": { "parcel_id": "P146", "land_price": 53.1, "dist_cbd": 9.964, "road_access": 0.384, "flood_risk": 0.233, "true_b_dist": -0.251, "gwr_b_intercept": 0.14288322291109795, "gwr_b_dist_cbd": 0.66008816120486957, "gwr_b_road_access": 0.52919869285130838, "gwr_b_flood_risk": 0.097684474523029446 }, "geometry": { "type": "Point", "coordinates": [ 12.191286679597937, 19.720021276457416 ] } },
{ "type": "Feature", "properties": { "parcel_id": "P147", "land_price": 44.82, "dist_cbd": 5.068, "road_access": 0.544, "flood_risk": 0.024, "true_b_dist": -1.579, "gwr_b_intercept": -0.17760222030646378, "gwr_b_dist_cbd": 0.11857750270515408, "gwr_b_road_access": 0.49139219131344858, "gwr_b_flood_risk": 0.0087975478861097578 }, "geometry": { "type": "Point", "coordinates": [ 10.05358046457723, 15.067563705178832 ] } },
{ "type": "Feature", "properties": { "parcel_id": "P148", "land_price": 42.42, "dist_cbd": 9.306, "road_access": 0.906, "flood_risk": 0.87, "true_b_dist": -0.344, "gwr_b_intercept": -0.1816111977633485, "gwr_b_dist_cbd": 0.55054716117060032, "gwr_b_road_access": 0.32138337676651091, "gwr_b_flood_risk": -0.441553035285213 }, "geometry": { "type": "Point", "coordinates": [ 1.029575024999787, 7.525191710618316 ] } },
{ "type": "Feature", "properties": { "parcel_id": "P149", "land_price": 50.48, "dist_cbd": 9.433, "road_access": 0.624, "flood_risk": 0.021, "true_b_dist": -0.324, "gwr_b_intercept": -0.43636070305229402, "gwr_b_dist_cbd": 0.62875374261823902, "gwr_b_road_access": 0.39549906821048103, "gwr_b_flood_risk": -0.43940069393704384 }, "geometry": { "type": "Point", "coordinates": [ 5.572929284732229, 1.670014333973375 ] } },
{ "type": "Feature", "properties": { "parcel_id": "P150", "land_price": 51.09, "dist_cbd": 9.869, "road_access": 0.117, "flood_risk": 0.875, "true_b_dist": -0.263, "gwr_b_intercept": 0.40082811928228751, "gwr_b_dist_cbd": 0.60000621705155111, "gwr_b_road_access": 0.34474558993871313, "gwr_b_flood_risk": -0.083742959215719295 }, "geometry": { "type": "Point", "coordinates": [ 18.165317719333075, 15.542938318548735 ] } },
{ "type": "Feature", "properties": { "parcel_id": "P151", "land_price": 51.16, "dist_cbd": 5.338, "road_access": 0.94, "flood_risk": 0.529, "true_b_dist": -1.471, "gwr_b_intercept": -0.12094202119913325, "gwr_b_dist_cbd": 0.31994679390630409, "gwr_b_road_access": 0.48498081719057951, "gwr_b_flood_risk": -0.19307659839905658 }, "geometry": { "type": "Point", "coordinates": [ 4.791237813339448, 11.1680849947161 ] } },
{ "type": "Feature", "properties": { "parcel_id": "P152", "land_price": 40.63, "dist_cbd": 7.262, "road_access": 0.628, "flood_risk": 0.939, "true_b_dist": -0.803, "gwr_b_intercept": -0.22193538846706304, "gwr_b_dist_cbd": 0.38863433090024557, "gwr_b_road_access": 0.33518799195198423, "gwr_b_flood_risk": -0.37476528192803765 }, "geometry": { "type": "Point", "coordinates": [ 2.897897441824462, 8.484440184939526 ] } },
{ "type": "Feature", "properties": { "parcel_id": "P153", "land_price": 45.36, "dist_cbd": 8.13, "road_access": 0.335, "flood_risk": 0.799, "true_b_dist": -0.575, "gwr_b_intercept": 0.1110119772401713, "gwr_b_dist_cbd": 0.87646735358579964, "gwr_b_road_access": 0.59955868194422024, "gwr_b_flood_risk": 0.042217983768800788 }, "geometry": { "type": "Point", "coordinates": [ 9.789055205551261, 18.12708770189472 ] } },
{ "type": "Feature", "properties": { "parcel_id": "P154", "land_price": 41.39, "dist_cbd": 12.442, "road_access": 0.139, "flood_risk": 0.998, "true_b_dist": -0.063, "gwr_b_intercept": -0.4198314544379943, "gwr_b_dist_cbd": 0.5835268150724916, "gwr_b_road_access": 0.45557013133847357, "gwr_b_flood_risk": -0.35548775206690775 }, "geometry": { "type": "Point", "coordinates": [ 19.713009082212015, 2.223949646123027 ] } },
{ "type": "Feature", "properties": { "parcel_id": "P155", "land_price": 51.82, "dist_cbd": 5.161, "road_access": 0.794, "flood_risk": 0.351, "true_b_dist": -1.541, "gwr_b_intercept": -0.34358891955450288, "gwr_b_dist_cbd": 0.16223728834293968, "gwr_b_road_access": 0.43275754887659584, "gwr_b_flood_risk": -0.23657477551131911 }, "geometry": { "type": "Point", "coordinates": [ 4.841105430230009, 9.852502085817182 ] } },
{ "type": "Feature", "properties": { "parcel_id": "P156", "land_price": 47.85, "dist_cbd": 10.362, "road_access": 0.62, "flood_risk": 0.767, "true_b_dist": -0.205, "gwr_b_intercept": -0.36928312770101968, "gwr_b_dist_cbd": 0.59256797450834986, "gwr_b_road_access": 0.37147253908958167, "gwr_b_flood_risk": -0.51281104309160663 }, "geometry": { "type": "Point", "coordinates": [ 13.442710948117572, 0.227072895348381 ] } },
{ "type": "Feature", "properties": { "parcel_id": "P157", "land_price": 44.45, "dist_cbd": 5.27, "road_access": 0.533, "flood_risk": 0.402, "true_b_dist": -1.498, "gwr_b_intercept": -0.50329788443577117, "gwr_b_dist_cbd": 0.064716950676451376, "gwr_b_road_access": 0.74793098420943538, "gwr_b_flood_risk": -0.22839716349654512 }, "geometry": { "type": "Point", "coordinates": [ 15.232392306574351, 9.373212839882525 ] } },
{ "type": "Feature", "properties": { "parcel_id": "P158", "land_price": 54.23, "dist_cbd": 10.309, "road_access": 0.894, "flood_risk": 0.48, "true_b_dist": -0.21, "gwr_b_intercept": -0.41910823585470991, "gwr_b_dist_cbd": 0.63422251377312555, "gwr_b_road_access": 0.38947366444072684, "gwr_b_flood_risk": -0.41937662466258496 }, "geometry": { "type": "Point", "coordinates": [ 4.752750879847993, 1.126065513636747 ] } },
{ "type": "Feature", "properties": { "parcel_id": "P159", "land_price": 48.3, "dist_cbd": 8.886, "road_access": 0.789, "flood_risk": 0.628, "true_b_dist": -0.417, "gwr_b_intercept": -0.3387408836365482, "gwr_b_dist_cbd": 0.54828849865617979, "gwr_b_road_access": 0.4303954094171884, "gwr_b_flood_risk": -0.39521508016700585 }, "geometry": { "type": "Point", "coordinates": [ 14.564326972237192, 2.376358325361438 ] } },
{ "type": "Feature", "properties": { "parcel_id": "P160", "land_price": 38.73, "dist_cbd": 8.094, "road_access": 0.152, "flood_risk": 0.874, "true_b_dist": -0.583, "gwr_b_intercept": -0.4701182417547804, "gwr_b_dist_cbd": 0.55773371413611161, "gwr_b_road_access": 0.34530374708802875, "gwr_b_flood_risk": -0.52479046626787229 }, "geometry": { "type": "Point", "coordinates": [ 7.355662654385064, 2.350524935542098 ] } },
{ "type": "Feature", "properties": { "parcel_id": "P161", "land_price": 41.9, "dist_cbd": 3.988, "road_access": 0.312, "flood_risk": 0.984, "true_b_dist": -2.016, "gwr_b_intercept": -0.36320480812087075, "gwr_b_dist_cbd": -0.14793601431329598, "gwr_b_road_access": 0.54032046932571531, "gwr_b_flood_risk": 0.034895247646579142 }, "geometry": { "type": "Point", "coordinates": [ 12.646116611871589, 12.984206042321272 ] } },
{ "type": "Feature", "properties": { "parcel_id": "P162", "land_price": 42.57, "dist_cbd": 5.599, "road_access": 0.248, "flood_risk": 0.768, "true_b_dist": -1.37, "gwr_b_intercept": 0.15475301651606532, "gwr_b_dist_cbd": 0.35442168850967343, "gwr_b_road_access": 0.50779443785184497, "gwr_b_flood_risk": 0.018292533796899664 }, "geometry": { "type": "Point", "coordinates": [ 12.670594215217895, 14.920897585308467 ] } },
{ "type": "Feature", "properties": { "parcel_id": "P163", "land_price": 49.99, "dist_cbd": 1.814, "road_access": 0.744, "flood_risk": 0.418, "true_b_dist": -2.763, "gwr_b_intercept": -1.2003946484197396, "gwr_b_dist_cbd": -0.60268028670531981, "gwr_b_road_access": 0.57488446737278198, "gwr_b_flood_risk": -0.042330689789957271 }, "geometry": { "type": "Point", "coordinates": [ 10.71549368149517, 11.667375301943192 ] } },
{ "type": "Feature", "properties": { "parcel_id": "P164", "land_price": 50.79, "dist_cbd": 12.353, "road_access": 0.034, "flood_risk": 0.421, "true_b_dist": -0.066, "gwr_b_intercept": 0.099232142910041371, "gwr_b_dist_cbd": 0.59885444375638186, "gwr_b_road_access": 0.54222542743919977, "gwr_b_flood_risk": -0.13094300167656187 }, "geometry": { "type": "Point", "coordinates": [ 1.805795401088166, 19.243450969490837 ] } },
{ "type": "Feature", "properties": { "parcel_id": "P165", "land_price": 42.85, "dist_cbd": 7.158, "road_access": 0.57, "flood_risk": 0.738, "true_b_dist": -0.833, "gwr_b_intercept": -0.41254248862979193, "gwr_b_dist_cbd": 0.46385169258980358, "gwr_b_road_access": 0.53245032269871839, "gwr_b_flood_risk": -0.45742065568404916 }, "geometry": { "type": "Point", "coordinates": [ 16.70604991178476, 7.497411590474082 ] } },
{ "type": "Feature", "properties": { "parcel_id": "P166", "land_price": 48.71, "dist_cbd": 5.587, "road_access": 0.762, "flood_risk": 0.239, "true_b_dist": -1.375, "gwr_b_intercept": -0.49835398851788237, "gwr_b_dist_cbd": 0.27304760974910591, "gwr_b_road_access": 0.33088598835898936, "gwr_b_flood_risk": -0.43652406054397341 }, "geometry": { "type": "Point", "coordinates": [ 6.415601299434717, 5.714241725637215 ] } },
{ "type": "Feature", "properties": { "parcel_id": "P167", "land_price": 53.76, "dist_cbd": 9.678, "road_access": 0.877, "flood_risk": 0.11, "true_b_dist": -0.289, "gwr_b_intercept": 0.012939503774449634, "gwr_b_dist_cbd": 0.69036167439062224, "gwr_b_road_access": 0.6044899253878131, "gwr_b_flood_risk": -0.076036090606498574 }, "geometry": { "type": "Point", "coordinates": [ 3.730370207997085, 17.371982563789206 ] } },
{ "type": "Feature", "properties": { "parcel_id": "P168", "land_price": 48.32, "dist_cbd": 10.72, "road_access": 0.342, "flood_risk": 0.355, "true_b_dist": -0.17, "gwr_b_intercept": -0.26500712541253674, "gwr_b_dist_cbd": 0.5632023815522369, "gwr_b_road_access": 0.309250218199002, "gwr_b_flood_risk": -0.40852129464065201 }, "geometry": { "type": "Point", "coordinates": [ 0.815502831095278, 4.471916770389052 ] } },
{ "type": "Feature", "properties": { "parcel_id": "P169", "land_price": 46.95, "dist_cbd": 9.441, "road_access": 0.821, "flood_risk": 0.287, "true_b_dist": -0.323, "gwr_b_intercept": 0.13558695561854511, "gwr_b_dist_cbd": 0.69541258787671545, "gwr_b_road_access": 0.54107530772768375, "gwr_b_flood_risk": 0.091354161670927983 }, "geometry": { "type": "Point", "coordinates": [ 11.817858863764837, 19.264450788812226 ] } },
{ "type": "Feature", "properties": { "parcel_id": "P170", "land_price": 49.16, "dist_cbd": 10.383, "road_access": 0.111, "flood_risk": 0.296, "true_b_dist": -0.203, "gwr_b_intercept": -0.36643195517573746, "gwr_b_dist_cbd": 0.58599101497465755, "gwr_b_road_access": 0.37502990114180562, "gwr_b_flood_risk": -0.50647943925144434 }, "geometry": { "type": "Point", "coordinates": [ 13.551287236845649, 0.243089493796327 ] } },
{ "type": "Feature", "properties": { "parcel_id": "P171", "land_price": 56.91, "dist_cbd": 13.483, "road_access": 0.846, "flood_risk": 0.234, "true_b_dist": -0.032, "gwr_b_intercept": 0.13643617468318048, "gwr_b_dist_cbd": 0.57532974357099698, "gwr_b_road_access": 0.52617347998471875, "gwr_b_flood_risk": -0.14129293420356204 }, "geometry": { "type": "Point", "coordinates": [ 0.331756578557123, 19.39757653415278 ] } },
{ "type": "Feature", "properties": { "parcel_id": "P172", "land_price": 50.28, "dist_cbd": 9.14, "road_access": 0.127, "flood_risk": 0.042, "true_b_dist": -0.372, "gwr_b_intercept": -0.45659775415653447, "gwr_b_dist_cbd": 0.66491287207977923, "gwr_b_road_access": 0.28531142670504667, "gwr_b_flood_risk": -0.60514145295498789 }, "geometry": { "type": "Point", "coordinates": [ 10.24186116598562, 0.863198239011522 ] } },
{ "type": "Feature", "properties": { "parcel_id": "P173", "land_price": 41.52, "dist_cbd": 9.546, "road_access": 0.397, "flood_risk": 0.018, "true_b_dist": -0.307, "gwr_b_intercept": -0.028183400939399035, "gwr_b_dist_cbd": 0.72943169847324896, "gwr_b_road_access": 0.63351871944594407, "gwr_b_flood_risk": -0.068795627975474311 }, "geometry": { "type": "Point", "coordinates": [ 4.529915503958759, 17.822862273961423 ] } },
{ "type": "Feature", "properties": { "parcel_id": "P174", "land_price": 53.54, "dist_cbd": 2.956, "road_access": 0.797, "flood_risk": 0.988, "true_b_dist": -2.411, "gwr_b_intercept": -0.86502091477418386, "gwr_b_dist_cbd": -0.34861815010488306, "gwr_b_road_access": 0.76185935608058875, "gwr_b_flood_risk": -0.042940678153889522 }, "geometry": { "type": "Point", "coordinates": [ 12.903455808188998, 10.554022181725998 ] } },
{ "type": "Feature", "properties": { "parcel_id": "P175", "land_price": 48.84, "dist_cbd": 11.816, "road_access": 0.15, "flood_risk": 0.428, "true_b_dist": -0.091, "gwr_b_intercept": 0.063081203028764354, "gwr_b_dist_cbd": 0.62055218685289015, "gwr_b_road_access": 0.56166504078401358, "gwr_b_flood_risk": -0.12885786438408844 }, "geometry": { "type": "Point", "coordinates": [ 3.487328580099829, 19.859295922386007 ] } },
{ "type": "Feature", "properties": { "parcel_id": "P176", "land_price": 48.92, "dist_cbd": 9.34, "road_access": 0.229, "flood_risk": 0.384, "true_b_dist": -0.339, "gwr_b_intercept": -0.34954867830933511, "gwr_b_dist_cbd": 0.57320114911811004, "gwr_b_road_access": 0.39706877717558703, "gwr_b_flood_risk": -0.47830264783620446 }, "geometry": { "type": "Point", "coordinates": [ 13.81875476204932, 1.475931294707977 ] } },
{ "type": "Feature", "properties": { "parcel_id": "P177", "land_price": 44.87, "dist_cbd": 2.508, "road_access": 0.722, "flood_risk": 0.68, "true_b_dist": -2.563, "gwr_b_intercept": -1.0090435406578429, "gwr_b_dist_cbd": -0.40714741758462514, "gwr_b_road_access": 0.58030790594198356, "gwr_b_flood_risk": -0.24460119888574927 }, "geometry": { "type": "Point", "coordinates": [ 7.734706926010748, 11.077085688026415 ] } },
{ "type": "Feature", "properties": { "parcel_id": "P178", "land_price": 56.53, "dist_cbd": 12.822, "road_access": 0.72, "flood_risk": 0.218, "true_b_dist": -0.049, "gwr_b_intercept": 0.34510753500597768, "gwr_b_dist_cbd": 0.54578386317747474, "gwr_b_road_access": 0.3568543979955382, "gwr_b_flood_risk": 0.040257511009801773 }, "geometry": { "type": "Point", "coordinates": [ 18.73459977473469, 19.38605071238198 ] } },
{ "type": "Feature", "properties": { "parcel_id": "P179", "land_price": 44.24, "dist_cbd": 7.264, "road_access": 0.641, "flood_risk": 0.95, "true_b_dist": -0.802, "gwr_b_intercept": -0.053488906436206116, "gwr_b_dist_cbd": 0.47954713254071113, "gwr_b_road_access": 0.43719616761176083, "gwr_b_flood_risk": -0.28843775593657195 }, "geometry": { "type": "Point", "coordinates": [ 2.750418882919865, 10.461956883402976 ] } },
{ "type": "Feature", "properties": { "parcel_id": "P180", "land_price": 44.03, "dist_cbd": 4.099, "road_access": 0.694, "flood_risk": 0.786, "true_b_dist": -1.971, "gwr_b_intercept": -0.52342045734550824, "gwr_b_dist_cbd": -0.088938188589490819, "gwr_b_road_access": 0.57888807188597313, "gwr_b_flood_risk": -0.14054593442251978 }, "geometry": { "type": "Point", "coordinates": [ 6.82132702100517, 12.587972762705251 ] } },
{ "type": "Feature", "properties": { "parcel_id": "P181", "land_price": 55.93, "dist_cbd": 8.665, "road_access": 0.543, "flood_risk": 0.089, "true_b_dist": -0.459, "gwr_b_intercept": 0.14166483408312441, "gwr_b_dist_cbd": 0.97830596833248706, "gwr_b_road_access": 0.60402807772278311, "gwr_b_flood_risk": -0.07420944498419367 }, "geometry": { "type": "Point", "coordinates": [ 2.269470424811781, 13.914973779692343 ] } },
{ "type": "Feature", "properties": { "parcel_id": "P182", "land_price": 43.97, "dist_cbd": 8.542, "road_access": 0.252, "flood_risk": 0.418, "true_b_dist": -0.484, "gwr_b_intercept": -0.22788788120461378, "gwr_b_dist_cbd": 0.61764677753060937, "gwr_b_road_access": 0.57503357541367395, "gwr_b_flood_risk": -0.47069721419664379 }, "geometry": { "type": "Point", "coordinates": [ 18.493872365571256, 9.090821295355465 ] } },
{ "type": "Feature", "properties": { "parcel_id": "P183", "land_price": 46.77, "dist_cbd": 7.966, "road_access": 0.346, "flood_risk": 0.879, "true_b_dist": -0.614, "gwr_b_intercept": 0.21836330515694277, "gwr_b_dist_cbd": 0.6641437983589471, "gwr_b_road_access": 0.53013583745652693, "gwr_b_flood_risk": -0.20610278536880247 }, "geometry": { "type": "Point", "coordinates": [ 17.546787067619618, 12.551161601681269 ] } },
{ "type": "Feature", "properties": { "parcel_id": "P184", "land_price": 44.2, "dist_cbd": 5.126, "road_access": 0.182, "flood_risk": 0.945, "true_b_dist": -1.555, "gwr_b_intercept": -0.13393239037522103, "gwr_b_dist_cbd": 0.29270388031226879, "gwr_b_road_access": 0.50868171450777611, "gwr_b_flood_risk": -0.16673242649268669 }, "geometry": { "type": "Point", "coordinates": [ 5.158832554303112, 11.686286238462005 ] } },
{ "type": "Feature", "properties": { "parcel_id": "P185", "land_price": 53.81, "dist_cbd": 8.638, "road_access": 0.908, "flood_risk": 0.467, "true_b_dist": -0.465, "gwr_b_intercept": 0.17952920945218764, "gwr_b_dist_cbd": 0.60951500025219452, "gwr_b_road_access": 0.49100851294124864, "gwr_b_flood_risk": 0.077048632859417446 }, "geometry": { "type": "Point", "coordinates": [ 13.19968092068358, 18.023160209819778 ] } },
{ "type": "Feature", "properties": { "parcel_id": "P186", "land_price": 48.67, "dist_cbd": 11.086, "road_access": 0.583, "flood_risk": 0.613, "true_b_dist": -0.139, "gwr_b_intercept": -0.3492932546518468, "gwr_b_dist_cbd": 0.54211640329859245, "gwr_b_road_access": 0.42520073894143362, "gwr_b_flood_risk": -0.36068423434387076 }, "geometry": { "type": "Point", "coordinates": [ 16.344444004024318, 0.908927606829157 ] } },
{ "type": "Feature", "properties": { "parcel_id": "P187", "land_price": 44.83, "dist_cbd": 4.518, "road_access": 0.401, "flood_risk": 0.167, "true_b_dist": -1.801, "gwr_b_intercept": -0.51368630422064987, "gwr_b_dist_cbd": 0.22911665797710093, "gwr_b_road_access": 0.41087485168228122, "gwr_b_flood_risk": -0.61389960560209045 }, "geometry": { "type": "Point", "coordinates": [ 11.104016231989247, 5.619263791844606 ] } },
{ "type": "Feature", "properties": { "parcel_id": "P188", "land_price": 55.39, "dist_cbd": 9.028, "road_access": 0.462, "flood_risk": 0.991, "true_b_dist": -0.391, "gwr_b_intercept": 0.11642088033572547, "gwr_b_dist_cbd": 0.81547859431683944, "gwr_b_road_access": 0.58212449656124354, "gwr_b_flood_risk": 0.074194531030764038 }, "geometry": { "type": "Point", "coordinates": [ 10.593011567120129, 19.008229681531176 ] } },
{ "type": "Feature", "properties": { "parcel_id": "P189", "land_price": 53.8, "dist_cbd": 9.358, "road_access": 0.947, "flood_risk": 0.232, "true_b_dist": -0.336, "gwr_b_intercept": -0.043947969162409679, "gwr_b_dist_cbd": 0.75421638286569881, "gwr_b_road_access": 0.64703519711099644, "gwr_b_flood_risk": -0.064718590814875521 }, "geometry": { "type": "Point", "coordinates": [ 4.837045818009034, 17.805275677818326 ] } },
{ "type": "Feature", "properties": { "parcel_id": "P190", "land_price": 39.69, "dist_cbd": 8.186, "road_access": 0.153, "flood_risk": 0.943, "true_b_dist": -0.562, "gwr_b_intercept": -0.13836763353551934, "gwr_b_dist_cbd": 0.4904515598119939, "gwr_b_road_access": 0.37418399379387557, "gwr_b_flood_risk": -0.38504867975138524 }, "geometry": { "type": "Point", "coordinates": [ 1.862055356117984, 9.11313505571426 ] } },
{ "type": "Feature", "properties": { "parcel_id": "P191", "land_price": 52.09, "dist_cbd": 8.3, "road_access": 0.586, "flood_risk": 0.65, "true_b_dist": -0.536, "gwr_b_intercept": 0.1766740023068766, "gwr_b_dist_cbd": 0.69803532274800095, "gwr_b_road_access": 0.52352221865729565, "gwr_b_flood_risk": -0.24188765897486297 }, "geometry": { "type": "Point", "coordinates": [ 17.944315159066534, 12.402651956030734 ] } },
{ "type": "Feature", "properties": { "parcel_id": "P192", "land_price": 49.13, "dist_cbd": 9.163, "road_access": 0.506, "flood_risk": 0.608, "true_b_dist": -0.368, "gwr_b_intercept": -0.45847039516846455, "gwr_b_dist_cbd": 0.60435883462669748, "gwr_b_road_access": 0.49038457589680229, "gwr_b_flood_risk": -0.38522446561503337 }, "geometry": { "type": "Point", "coordinates": [ 18.008361143266608, 5.547623659622653 ] } },
{ "type": "Feature", "properties": { "parcel_id": "P193", "land_price": 47.91, "dist_cbd": 6.782, "road_access": 0.611, "flood_risk": 0.513, "true_b_dist": -0.95, "gwr_b_intercept": -0.33717350833937743, "gwr_b_dist_cbd": 0.50033191673454502, "gwr_b_road_access": 0.41322525687332579, "gwr_b_flood_risk": -0.58977793194765282 }, "geometry": { "type": "Point", "coordinates": [ 12.662029145465359, 3.762423194475226 ] } },
{ "type": "Feature", "properties": { "parcel_id": "P194", "land_price": 42.67, "dist_cbd": 3.3, "road_access": 0.018, "flood_risk": 0.231, "true_b_dist": -2.285, "gwr_b_intercept": -0.7501366372062801, "gwr_b_dist_cbd": -0.14399275832137742, "gwr_b_road_access": 0.49327844081180205, "gwr_b_flood_risk": -0.28525342690305533 }, "geometry": { "type": "Point", "coordinates": [ 6.780595820974014, 9.273968098799642 ] } },
{ "type": "Feature", "properties": { "parcel_id": "P195", "land_price": 44.03, "dist_cbd": 4.207, "road_access": 0.872, "flood_risk": 0.177, "true_b_dist": -1.927, "gwr_b_intercept": -0.66302338650152615, "gwr_b_dist_cbd": 0.065414290937915537, "gwr_b_road_access": 0.38556008241405615, "gwr_b_flood_risk": -0.40445546193564597 }, "geometry": { "type": "Point", "coordinates": [ 6.984191492253218, 7.067044560521056 ] } },
{ "type": "Feature", "properties": { "parcel_id": "P196", "land_price": 53.83, "dist_cbd": 4.819, "road_access": 0.932, "flood_risk": 0.22, "true_b_dist": -1.679, "gwr_b_intercept": 0.0043907773180356241, "gwr_b_dist_cbd": 0.24327039116846011, "gwr_b_road_access": 0.77723921393458606, "gwr_b_flood_risk": 0.043028308123160212 }, "geometry": { "type": "Point", "coordinates": [ 14.519113577404788, 11.673122237017441 ] } },
{ "type": "Feature", "properties": { "parcel_id": "P197", "land_price": 48.38, "dist_cbd": 11.593, "road_access": 0.565, "flood_risk": 0.186, "true_b_dist": -0.104, "gwr_b_intercept": -0.371081505064489, "gwr_b_dist_cbd": 0.55676348729426672, "gwr_b_road_access": 0.44300811013758551, "gwr_b_flood_risk": -0.32436121760803061 }, "geometry": { "type": "Point", "coordinates": [ 17.942205199051543, 1.554692739299697 ] } },
{ "type": "Feature", "properties": { "parcel_id": "P198", "land_price": 54.06, "dist_cbd": 12.246, "road_access": 0.697, "flood_risk": 0.78, "true_b_dist": -0.071, "gwr_b_intercept": 0.31570560634339434, "gwr_b_dist_cbd": 0.54865962433736193, "gwr_b_road_access": 0.37342543052564814, "gwr_b_flood_risk": 0.06197122685684002 }, "geometry": { "type": "Point", "coordinates": [ 17.741728485302346, 19.48789615332333 ] } },
{ "type": "Feature", "properties": { "parcel_id": "P199", "land_price": 52.97, "dist_cbd": 11.22, "road_access": 0.922, "flood_risk": 0.35, "true_b_dist": -0.129, "gwr_b_intercept": 0.23736795319250673, "gwr_b_dist_cbd": 0.57819068524299355, "gwr_b_road_access": 0.42586465474229435, "gwr_b_flood_risk": 0.097439305404219564 }, "geometry": { "type": "Point", "coordinates": [ 15.597510917152476, 19.724214889592059 ] } },
{ "type": "Feature", "properties": { "parcel_id": "P200", "land_price": 47.28, "dist_cbd": 4.876, "road_access": 0.707, "flood_risk": 0.058, "true_b_dist": -1.656, "gwr_b_intercept": 0.0065336239746813657, "gwr_b_dist_cbd": 0.15777124632267994, "gwr_b_road_access": 0.51224999488201517, "gwr_b_flood_risk": 0.025749211287952517 }, "geometry": { "type": "Point", "coordinates": [ 12.840632923085755, 13.963234280394904 ] } },
{ "type": "Feature", "properties": { "parcel_id": "P201", "land_price": 45.88, "dist_cbd": 8.348, "road_access": 0.153, "flood_risk": 0.969, "true_b_dist": -0.525, "gwr_b_intercept": 0.0011786680404220762, "gwr_b_dist_cbd": 0.60324265505099639, "gwr_b_road_access": 0.46641571060271808, "gwr_b_flood_risk": -0.29961506763647461 }, "geometry": { "type": "Point", "coordinates": [ 1.682799299900977, 10.721927326882408 ] } },
{ "type": "Feature", "properties": { "parcel_id": "P202", "land_price": 43.35, "dist_cbd": 7.766, "road_access": 0.576, "flood_risk": 0.884, "true_b_dist": -0.664, "gwr_b_intercept": -0.22459560047841587, "gwr_b_dist_cbd": 0.54781936873533588, "gwr_b_road_access": 0.30448196420883461, "gwr_b_flood_risk": -0.48655103580526932 }, "geometry": { "type": "Point", "coordinates": [ 3.232574281892275, 6.190552325726555 ] } },
{ "type": "Feature", "properties": { "parcel_id": "P203", "land_price": 51.94, "dist_cbd": 10.145, "road_access": 0.607, "flood_risk": 0.928, "true_b_dist": -0.229, "gwr_b_intercept": 0.39395834128549223, "gwr_b_dist_cbd": 0.57718531897291003, "gwr_b_road_access": 0.34676241018858778, "gwr_b_flood_risk": -0.056059013230272389 }, "geometry": { "type": "Point", "coordinates": [ 17.971083770541586, 16.275900394138972 ] } },
{ "type": "Feature", "properties": { "parcel_id": "P204", "land_price": 48.12, "dist_cbd": 4.264, "road_access": 0.424, "flood_risk": 0.995, "true_b_dist": -1.904, "gwr_b_intercept": -0.29082415108404464, "gwr_b_dist_cbd": -0.10117737014961004, "gwr_b_road_access": 0.48836269941319416, "gwr_b_flood_risk": 0.030801759711075516 }, "geometry": { "type": "Point", "coordinates": [ 12.128581193191799, 13.694623451077586 ] } },
{ "type": "Feature", "properties": { "parcel_id": "P205", "land_price": 54.83, "dist_cbd": 11.912, "road_access": 0.736, "flood_risk": 0.174, "true_b_dist": -0.086, "gwr_b_intercept": -0.29219770464906963, "gwr_b_dist_cbd": 0.57951085901611199, "gwr_b_road_access": 0.3252561873610465, "gwr_b_flood_risk": -0.38613652979143631 }, "geometry": { "type": "Point", "coordinates": [ 0.183941032332593, 3.252338786897826 ] } },
{ "type": "Feature", "properties": { "parcel_id": "P206", "land_price": 54.65, "dist_cbd": 11.449, "road_access": 0.934, "flood_risk": 0.396, "true_b_dist": -0.113, "gwr_b_intercept": 0.089110441260322498, "gwr_b_dist_cbd": 0.61519107189760303, "gwr_b_road_access": 0.55411749678929034, "gwr_b_flood_risk": -0.11549809825558628 }, "geometry": { "type": "Point", "coordinates": [ 2.029430857320642, 18.218543689876849 ] } },
{ "type": "Feature", "properties": { "parcel_id": "P207", "land_price": 52.91, "dist_cbd": 7.232, "road_access": 0.926, "flood_risk": 0.758, "true_b_dist": -0.811, "gwr_b_intercept": 0.22217399718308647, "gwr_b_dist_cbd": 0.56699110278309128, "gwr_b_road_access": 0.49051552256935249, "gwr_b_flood_risk": 0.03198373081660015 }, "geometry": { "type": "Point", "coordinates": [ 13.270035382161115, 16.450744858463381 ] } },
{ "type": "Feature", "properties": { "parcel_id": "P208", "land_price": 55.33, "dist_cbd": 13.376, "road_access": 0.451, "flood_risk": 0.696, "true_b_dist": -0.034, "gwr_b_intercept": 0.14531412046030823, "gwr_b_dist_cbd": 0.5719007562429409, "gwr_b_road_access": 0.52533684611460563, "gwr_b_flood_risk": -0.13907802150947518 }, "geometry": { "type": "Point", "coordinates": [ 0.101231676924374, 18.99599826583848 ] } },
{ "type": "Feature", "properties": { "parcel_id": "P209", "land_price": 42.27, "dist_cbd": 8.149, "road_access": 0.113, "flood_risk": 0.154, "true_b_dist": -0.57, "gwr_b_intercept": 0.11110375240362522, "gwr_b_dist_cbd": 0.88424052260713815, "gwr_b_road_access": 0.60333370182652635, "gwr_b_flood_risk": -0.022632598229991786 }, "geometry": { "type": "Point", "coordinates": [ 3.216161028349973, 14.5143901677672 ] } },
{ "type": "Feature", "properties": { "parcel_id": "P210", "land_price": 51.68, "dist_cbd": 2.469, "road_access": 0.985, "flood_risk": 0.816, "true_b_dist": -2.576, "gwr_b_intercept": -1.2077940817387152, "gwr_b_dist_cbd": -0.67038740160352495, "gwr_b_road_access": 0.50157017154102024, "gwr_b_flood_risk": 0.010930010420068526 }, "geometry": { "type": "Point", "coordinates": [ 10.974675787331723, 12.268303918715798 ] } },
{ "type": "Feature", "properties": { "parcel_id": "P211", "land_price": 48.92, "dist_cbd": 4.172, "road_access": 0.839, "flood_risk": 0.224, "true_b_dist": -1.942, "gwr_b_intercept": -0.77153086093258838, "gwr_b_dist_cbd": -0.11864655910664478, "gwr_b_road_access": 0.7605029367489724, "gwr_b_flood_risk": -0.21764882875015379 }, "geometry": { "type": "Point", "coordinates": [ 13.837903953853864, 8.364860725812377 ] } },
{ "type": "Feature", "properties": { "parcel_id": "P212", "land_price": 46.3, "dist_cbd": 9.173, "road_access": 0.125, "flood_risk": 0.224, "true_b_dist": -0.366, "gwr_b_intercept": 0.16950900580954117, "gwr_b_dist_cbd": 0.61587912699965308, "gwr_b_road_access": 0.49545022830205432, "gwr_b_flood_risk": 0.084254139435582742 }, "geometry": { "type": "Point", "coordinates": [ 13.039225190052012, 18.654569667080267 ] } },
{ "type": "Feature", "properties": { "parcel_id": "P213", "land_price": 57.05, "dist_cbd": 9.166, "road_access": 0.921, "flood_risk": 0.537, "true_b_dist": -0.367, "gwr_b_intercept": -0.034824343849012993, "gwr_b_dist_cbd": 0.74709872528922672, "gwr_b_road_access": 0.64186187077387113, "gwr_b_flood_risk": -0.053188487380581767 }, "geometry": { "type": "Point", "coordinates": [ 4.485386189211196, 17.321277790008168 ] } },
{ "type": "Feature", "properties": { "parcel_id": "P214", "land_price": 49.34, "dist_cbd": 10.037, "road_access": 0.87, "flood_risk": 0.593, "true_b_dist": -0.242, "gwr_b_intercept": -0.3509002168530565, "gwr_b_dist_cbd": 0.55716394881849007, "gwr_b_road_access": 0.39922083763360194, "gwr_b_flood_risk": -0.45679671450634601 }, "geometry": { "type": "Point", "coordinates": [ 14.243584426950717, 0.904373402123788 ] } },
{ "type": "Feature", "properties": { "parcel_id": "P215", "land_price": 48.16, "dist_cbd": 10.833, "road_access": 0.519, "flood_risk": 0.58, "true_b_dist": -0.16, "gwr_b_intercept": -0.43527203155094385, "gwr_b_dist_cbd": 0.64749446213888906, "gwr_b_road_access": 0.38753304946579148, "gwr_b_flood_risk": -0.42163360580379261 }, "geometry": { "type": "Point", "coordinates": [ 4.744981749936001, 0.52733948994504 ] } },
{ "type": "Feature", "properties": { "parcel_id": "P216", "land_price": 45.36, "dist_cbd": 4.278, "road_access": 0.591, "flood_risk": 0.091, "true_b_dist": -1.899, "gwr_b_intercept": -0.58266788908611122, "gwr_b_dist_cbd": 0.081663197231005208, "gwr_b_road_access": 0.40552108295286293, "gwr_b_flood_risk": -0.34899398551864069 }, "geometry": { "type": "Point", "coordinates": [ 6.507993963185355, 7.529267337560992 ] } },
{ "type": "Feature", "properties": { "parcel_id": "P217", "land_price": 46.54, "dist_cbd": 7.93, "road_access": 0.399, "flood_risk": 0.877, "true_b_dist": -0.623, "gwr_b_intercept": 0.32305048116037449, "gwr_b_dist_cbd": 0.57796371144659409, "gwr_b_road_access": 0.39685700055535045, "gwr_b_flood_risk": -0.036778643923911662 }, "geometry": { "type": "Point", "coordinates": [ 14.929828102360483, 16.211066615636657 ] } },
{ "type": "Feature", "properties": { "parcel_id": "P218", "land_price": 44.34, "dist_cbd": 10.195, "road_access": 0.055, "flood_risk": 0.266, "true_b_dist": -0.223, "gwr_b_intercept": 0.16198798748824608, "gwr_b_dist_cbd": 0.621580784779449, "gwr_b_road_access": 0.50226719087714455, "gwr_b_flood_risk": 0.10408425599010544 }, "geometry": { "type": "Point", "coordinates": [ 12.992657980944294, 19.74552258629889 ] } },
{ "type": "Feature", "properties": { "parcel_id": "P219", "land_price": 44.75, "dist_cbd": 9.883, "road_access": 0.335, "flood_risk": 0.13, "true_b_dist": -0.261, "gwr_b_intercept": -0.3889160088468625, "gwr_b_dist_cbd": 0.56925558038768531, "gwr_b_road_access": 0.46123229843874514, "gwr_b_flood_risk": -0.31111668279646643 }, "geometry": { "type": "Point", "coordinates": [ 16.984468209883559, 3.008337822070564 ] } },
{ "type": "Feature", "properties": { "parcel_id": "P220", "land_price": 51.57, "dist_cbd": 3.672, "road_access": 0.803, "flood_risk": 0.889, "true_b_dist": -2.142, "gwr_b_intercept": -0.47540008244778897, "gwr_b_dist_cbd": -0.17350416431086596, "gwr_b_road_access": 0.6674921040181816, "gwr_b_flood_risk": 0.026428121346452713 }, "geometry": { "type": "Point", "coordinates": [ 13.152257846006867, 11.882614307042703 ] } },
{ "type": "Feature", "properties": { "parcel_id": "P221", "land_price": 33.03, "dist_cbd": 2.746, "road_access": 0.005, "flood_risk": 0.956, "true_b_dist": -2.485, "gwr_b_intercept": -1.168729152186899, "gwr_b_dist_cbd": -0.31738863626982716, "gwr_b_road_access": 0.66541501506872769, "gwr_b_flood_risk": -0.40220047455301017 }, "geometry": { "type": "Point", "coordinates": [ 11.366172066709431, 7.617817132620431 ] } },
{ "type": "Feature", "properties": { "parcel_id": "P222", "land_price": 47.18, "dist_cbd": 12.424, "road_access": 0.333, "flood_risk": 0.862, "true_b_dist": -0.063, "gwr_b_intercept": 0.098459790326901331, "gwr_b_dist_cbd": 0.59801452496977026, "gwr_b_road_access": 0.54167244917289814, "gwr_b_flood_risk": -0.13243804064539405 }, "geometry": { "type": "Point", "coordinates": [ 1.87349535656185, 19.398287956292066 ] } },
{ "type": "Feature", "properties": { "parcel_id": "P223", "land_price": 39.37, "dist_cbd": 7.336, "road_access": 0.398, "flood_risk": 0.81, "true_b_dist": -0.781, "gwr_b_intercept": 0.015912211642094658, "gwr_b_dist_cbd": 0.88737632468658389, "gwr_b_road_access": 0.64390807317734033, "gwr_b_flood_risk": -0.032145397460982147 }, "geometry": { "type": "Point", "coordinates": [ 7.354316061188671, 16.842378462714173 ] } },
{ "type": "Feature", "properties": { "parcel_id": "P224", "land_price": 46.54, "dist_cbd": 8.236, "road_access": 0.537, "flood_risk": 0.655, "true_b_dist": -0.55, "gwr_b_intercept": -0.076461265586522567, "gwr_b_dist_cbd": 0.83674223514706092, "gwr_b_road_access": 0.68698701313612498, "gwr_b_flood_risk": -0.019697540119121237 }, "geometry": { "type": "Point", "coordinates": [ 5.304047353634509, 16.766574094222758 ] } },
{ "type": "Feature", "properties": { "parcel_id": "P225", "land_price": 41.03, "dist_cbd": 5.158, "road_access": 0.92, "flood_risk": 0.551, "true_b_dist": -1.542, "gwr_b_intercept": -0.39136294758407508, "gwr_b_dist_cbd": 0.14214378893747431, "gwr_b_road_access": 0.41961980423299561, "gwr_b_flood_risk": -0.24937906099543966 }, "geometry": { "type": "Point", "coordinates": [ 4.879792867581672, 9.373863195899405 ] } },
{ "type": "Feature", "properties": { "parcel_id": "P226", "land_price": 54.14, "dist_cbd": 9.612, "road_access": 0.346, "flood_risk": 0.087, "true_b_dist": -0.298, "gwr_b_intercept": -0.31247286952116121, "gwr_b_dist_cbd": 0.6785427434666641, "gwr_b_road_access": 0.53134516200323212, "gwr_b_flood_risk": -0.49945279490107802 }, "geometry": { "type": "Point", "coordinates": [ 19.460211095048912, 8.296390046753304 ] } },
{ "type": "Feature", "properties": { "parcel_id": "P227", "land_price": 44.51, "dist_cbd": 5.011, "road_access": 0.347, "flood_risk": 0.408, "true_b_dist": -1.601, "gwr_b_intercept": -0.62646815265523315, "gwr_b_dist_cbd": 0.1963679102740622, "gwr_b_road_access": 0.28202671264922913, "gwr_b_flood_risk": -0.52093226781338164 }, "geometry": { "type": "Point", "coordinates": [ 7.861954493335208, 5.468141438614125 ] } },
{ "type": "Feature", "properties": { "parcel_id": "P228", "land_price": 49.79, "dist_cbd": 11.841, "road_access": 0.738, "flood_risk": 0.373, "true_b_dist": -0.09, "gwr_b_intercept": -0.36073679522606994, "gwr_b_dist_cbd": 0.54966487852176038, "gwr_b_road_access": 0.43790294601016255, "gwr_b_flood_risk": -0.32760308428666868 }, "geometry": { "type": "Point", "coordinates": [ 17.840931103542268, 1.127509933018542 ] } },
{ "type": "Feature", "properties": { "parcel_id": "P229", "land_price": 54.68, "dist_cbd": 7.752, "road_access": 0.452, "flood_risk": 0.26, "true_b_dist": -0.668, "gwr_b_intercept": 0.17996767424414858, "gwr_b_dist_cbd": 0.5969560347548668, "gwr_b_road_access": 0.51197803280958221, "gwr_b_flood_risk": 0.059905597980138031 }, "geometry": { "type": "Point", "coordinates": [ 12.622772519945258, 17.294447525101063 ] } },
{ "type": "Feature", "properties": { "parcel_id": "P230", "land_price": 49.23, "dist_cbd": 8.598, "road_access": 0.225, "flood_risk": 0.723, "true_b_dist": -0.473, "gwr_b_intercept": 0.36596641192154394, "gwr_b_dist_cbd": 0.56957720171308335, "gwr_b_road_access": 0.36523667361236056, "gwr_b_flood_risk": -0.045749434907193832 }, "geometry": { "type": "Point", "coordinates": [ 15.896226070832968, 16.258020182601552 ] } },
{ "type": "Feature", "properties": { "parcel_id": "P231", "land_price": 49.19, "dist_cbd": 9.994, "road_access": 0.452, "flood_risk": 0.496, "true_b_dist": -0.247, "gwr_b_intercept": 0.10957248754196634, "gwr_b_dist_cbd": 0.83983683784743379, "gwr_b_road_access": 0.59729878726952501, "gwr_b_flood_risk": 0.081188887676895902 }, "geometry": { "type": "Point", "coordinates": [ 10.052741862103842, 19.994353465722611 ] } },
{ "type": "Feature", "properties": { "parcel_id": "P232", "land_price": 41.05, "dist_cbd": 10.051, "road_access": 0.141, "flood_risk": 0.081, "true_b_dist": -0.24, "gwr_b_intercept": 0.13190302333087375, "gwr_b_dist_cbd": 0.70978455618074987, "gwr_b_road_access": 0.55085552156528261, "gwr_b_flood_risk": 0.094449267595605374 }, "geometry": { "type": "Point", "coordinates": [ 11.538077692527182, 19.932736741478109 ] } },
{ "type": "Feature", "properties": { "parcel_id": "P233", "land_price": 54.59, "dist_cbd": 1.119, "road_access": 0.176, "flood_risk": 0.22, "true_b_dist": -2.908, "gwr_b_intercept": -1.3225729932250077, "gwr_b_dist_cbd": -0.62903634103711736, "gwr_b_road_access": 0.59573463611447375, "gwr_b_flood_risk": -0.16821511540370701 }, "geometry": { "type": "Point", "coordinates": [ 9.850353876377278, 11.108634112052549 ] } },
{ "type": "Feature", "properties": { "parcel_id": "P234", "land_price": 43.78, "dist_cbd": 8.13, "road_access": 0.498, "flood_risk": 0.683, "true_b_dist": -0.575, "gwr_b_intercept": 0.034151211266692932, "gwr_b_dist_cbd": 0.80182157269465848, "gwr_b_road_access": 0.62361543422592569, "gwr_b_flood_risk": -0.0050096611677290619 }, "geometry": { "type": "Point", "coordinates": [ 3.90485975596089, 15.37974830361021 ] } },
{ "type": "Feature", "properties": { "parcel_id": "P235", "land_price": 45.75, "dist_cbd": 9.946, "road_access": 0.419, "flood_risk": 0.076, "true_b_dist": -0.253, "gwr_b_intercept": 0.2101203280772739, "gwr_b_dist_cbd": 0.59177461850501323, "gwr_b_road_access": 0.4518372140929926, "gwr_b_flood_risk": 0.091293323340435106 }, "geometry": { "type": "Point", "coordinates": [ 14.449042305230106, 18.895314597648561 ] } },
{ "type": "Feature", "properties": { "parcel_id": "P236", "land_price": 54.17, "dist_cbd": 8.254, "road_access": 0.915, "flood_risk": 0.851, "true_b_dist": -0.546, "gwr_b_intercept": -0.069401861597813905, "gwr_b_dist_cbd": 0.83074248625257641, "gwr_b_road_access": 0.68365986183256355, "gwr_b_flood_risk": -0.03452353059323552 }, "geometry": { "type": "Point", "coordinates": [ 5.615447248817116, 16.992947813548231 ] } },
{ "type": "Feature", "properties": { "parcel_id": "P237", "land_price": 54.48, "dist_cbd": 10.772, "road_access": 0.362, "flood_risk": 0.495, "true_b_dist": -0.165, "gwr_b_intercept": -0.24773268174409868, "gwr_b_dist_cbd": 0.55302425484539952, "gwr_b_road_access": 0.2936116864460605, "gwr_b_flood_risk": -0.42150453179031711 }, "geometry": { "type": "Point", "coordinates": [ 0.486319328629077, 4.946962034863953 ] } },
{ "type": "Feature", "properties": { "parcel_id": "P238", "land_price": 47.67, "dist_cbd": 3.073, "road_access": 0.581, "flood_risk": 0.481, "true_b_dist": -2.369, "gwr_b_intercept": -0.99778376767549215, "gwr_b_dist_cbd": -0.33042230811116341, "gwr_b_road_access": 0.78608506114062182, "gwr_b_flood_risk": -0.17803852616592389 }, "geometry": { "type": "Point", "coordinates": [ 12.909445918143357, 9.010882706201871 ] } },
{ "type": "Feature", "properties": { "parcel_id": "P239", "land_price": 49.38, "dist_cbd": 9.834, "road_access": 0.632, "flood_risk": 0.592, "true_b_dist": -0.267, "gwr_b_intercept": -0.36221777818195278, "gwr_b_dist_cbd": 0.6159725871695203, "gwr_b_road_access": 0.39288090487313965, "gwr_b_flood_risk": -0.37603228920275211 }, "geometry": { "type": "Point", "coordinates": [ 3.542213588140979, 2.5831883030299 ] } },
{ "type": "Feature", "properties": { "parcel_id": "P240", "land_price": 49.55, "dist_cbd": 12.652, "road_access": 0.013, "flood_risk": 0.825, "true_b_dist": -0.055, "gwr_b_intercept": 0.35048398383791546, "gwr_b_dist_cbd": 0.54978649954785053, "gwr_b_road_access": 0.35427645105549654, "gwr_b_flood_risk": 0.028749751807217963 }, "geometry": { "type": "Point", "coordinates": [ 18.809171687058285, 19.081020545174447 ] } },
{ "type": "Feature", "properties": { "parcel_id": "P241", "land_price": 53.99, "dist_cbd": 9.324, "road_access": 0.664, "flood_risk": 0.348, "true_b_dist": -0.341, "gwr_b_intercept": 0.094790255604622981, "gwr_b_dist_cbd": 0.76323897636515459, "gwr_b_road_access": 0.51243328229690788, "gwr_b_flood_risk": -0.30501101892102278 }, "geometry": { "type": "Point", "coordinates": [ 19.078571540051747, 12.123492689017601 ] } },
{ "type": "Feature", "properties": { "parcel_id": "P242", "land_price": 45.73, "dist_cbd": 9.915, "road_access": 0.178, "flood_risk": 0.678, "true_b_dist": -0.257, "gwr_b_intercept": -0.45579777928351917, "gwr_b_dist_cbd": 0.60267871964208131, "gwr_b_road_access": 0.4807798967220096, "gwr_b_flood_risk": -0.35881038545136879 }, "geometry": { "type": "Point", "coordinates": [ 18.29728780440897, 4.572856110069255 ] } },
{ "type": "Feature", "properties": { "parcel_id": "P243", "land_price": 49.27, "dist_cbd": 4.305, "road_access": 0.961, "flood_risk": 0.566, "true_b_dist": -1.887, "gwr_b_intercept": -0.53849674345708398, "gwr_b_dist_cbd": -0.11157944812721815, "gwr_b_road_access": 0.57360397034355348, "gwr_b_flood_risk": -0.080817896363616915 }, "geometry": { "type": "Point", "coordinates": [ 7.403174005108887, 13.434013688117135 ] } },
{ "type": "Feature", "properties": { "parcel_id": "P244", "land_price": 48.48, "dist_cbd": 9.975, "road_access": 0.149, "flood_risk": 0.267, "true_b_dist": -0.249, "gwr_b_intercept": 0.081372349614997161, "gwr_b_dist_cbd": 0.98203786556997419, "gwr_b_road_access": 0.57538223713693271, "gwr_b_flood_risk": -0.22407159716511355 }, "geometry": { "type": "Point", "coordinates": [ 0.309132330577349, 12.362564809157917 ] } },
{ "type": "Feature", "properties": { "parcel_id": "P245", "land_price": 42.57, "dist_cbd": 9.024, "road_access": 0.415, "flood_risk": 0.879, "true_b_dist": -0.392, "gwr_b_intercept": -0.41518525786912541, "gwr_b_dist_cbd": 0.62569975127972222, "gwr_b_road_access": 0.49141321486431611, "gwr_b_flood_risk": -0.47819750738967887 }, "geometry": { "type": "Point", "coordinates": [ 18.566371251754507, 7.16325436065681 ] } },
{ "type": "Feature", "properties": { "parcel_id": "P246", "land_price": 37.01, "dist_cbd": 7.861, "road_access": 0.085, "flood_risk": 0.797, "true_b_dist": -0.64, "gwr_b_intercept": -0.48364744789735592, "gwr_b_dist_cbd": 0.50290670300412965, "gwr_b_road_access": 0.29177491414440754, "gwr_b_flood_risk": -0.57857649173548653 }, "geometry": { "type": "Point", "coordinates": [ 8.563682966346287, 2.27115184399258 ] } },
{ "type": "Feature", "properties": { "parcel_id": "P247", "land_price": 53.3, "dist_cbd": 9.944, "road_access": 0.997, "flood_risk": 0.658, "true_b_dist": -0.253, "gwr_b_intercept": 0.21673722534655471, "gwr_b_dist_cbd": 0.77763374248395511, "gwr_b_road_access": 0.43916144452538175, "gwr_b_flood_risk": -0.21642213008241595 }, "geometry": { "type": "Point", "coordinates": [ 19.333096380873393, 13.431463911855992 ] } },
{ "type": "Feature", "properties": { "parcel_id": "P248", "land_price": 44.01, "dist_cbd": 9.281, "road_access": 0.502, "flood_risk": 0.851, "true_b_dist": -0.348, "gwr_b_intercept": -0.089570098652446556, "gwr_b_dist_cbd": 0.70167149575924337, "gwr_b_road_access": 0.56920692257618766, "gwr_b_flood_risk": -0.41818087080170507 }, "geometry": { "type": "Point", "coordinates": [ 19.272399541785056, 10.406154018075867 ] } },
{ "type": "Feature", "properties": { "parcel_id": "P249", "land_price": 49.07, "dist_cbd": 8.917, "road_access": 0.595, "flood_risk": 0.867, "true_b_dist": -0.411, "gwr_b_intercept": 0.41332594275149348, "gwr_b_dist_cbd": 0.58779490129440104, "gwr_b_road_access": 0.35259980768949067, "gwr_b_flood_risk": -0.079156275625623412 }, "geometry": { "type": "Point", "coordinates": [ 17.060189109347203, 15.446367834712786 ] } },
{ "type": "Feature", "properties": { "parcel_id": "P250", "land_price": 38.07, "dist_cbd": 4.131, "road_access": 0.067, "flood_risk": 0.708, "true_b_dist": -1.958, "gwr_b_intercept": -0.50363746172569601, "gwr_b_dist_cbd": -0.0077491579880667461, "gwr_b_road_access": 0.49432093554185474, "gwr_b_flood_risk": -0.22219279705409989 }, "geometry": { "type": "Point", "coordinates": [ 5.888977841391714, 10.403270022239868 ] } },
{ "type": "Feature", "properties": { "parcel_id": "P251", "land_price": 45.38, "dist_cbd": 7.409, "road_access": 0.75, "flood_risk": 0.837, "true_b_dist": -0.761, "gwr_b_intercept": 0.034563413276512765, "gwr_b_dist_cbd": 0.93478819109311029, "gwr_b_road_access": 0.63514758622974854, "gwr_b_flood_risk": -0.024281474303679509 }, "geometry": { "type": "Point", "coordinates": [ 7.701954572038505, 17.043630006370801 ] } },
{ "type": "Feature", "properties": { "parcel_id": "P252", "land_price": 44.78, "dist_cbd": 7.099, "road_access": 0.21, "flood_risk": 0.697, "true_b_dist": -0.851, "gwr_b_intercept": -0.016827941507095587, "gwr_b_dist_cbd": 0.50842916694273799, "gwr_b_road_access": 0.65812975081167369, "gwr_b_flood_risk": -0.31489691543553111 }, "geometry": { "type": "Point", "coordinates": [ 17.022733430337137, 11.038136775489711 ] } },
{ "type": "Feature", "properties": { "parcel_id": "P253", "land_price": 52.02, "dist_cbd": 3.859, "road_access": 0.898, "flood_risk": 0.68, "true_b_dist": -2.067, "gwr_b_intercept": -0.58303874528826494, "gwr_b_dist_cbd": -0.10500686484634546, "gwr_b_road_access": 0.54409616694394436, "gwr_b_flood_risk": -0.21438290670187762 }, "geometry": { "type": "Point", "coordinates": [ 6.338440103125553, 11.218759430707726 ] } },
{ "type": "Feature", "properties": { "parcel_id": "P254", "land_price": 50.72, "dist_cbd": 10.022, "road_access": 0.205, "flood_risk": 0.619, "true_b_dist": -0.244, "gwr_b_intercept": 0.030837038709048286, "gwr_b_dist_cbd": 0.67011454103403456, "gwr_b_road_access": 0.59174028337994689, "gwr_b_flood_risk": -0.085043780465071037 }, "geometry": { "type": "Point", "coordinates": [ 3.38985493372185, 17.533072053166901 ] } },
{ "type": "Feature", "properties": { "parcel_id": "P255", "land_price": 34.86, "dist_cbd": 2.24, "road_access": 0.191, "flood_risk": 0.753, "true_b_dist": -2.646, "gwr_b_intercept": -1.4205042268011896, "gwr_b_dist_cbd": -0.49516361839859052, "gwr_b_road_access": 0.69176539846390295, "gwr_b_flood_risk": -0.37873576142113419 }, "geometry": { "type": "Point", "coordinates": [ 11.136025249167004, 8.069657324247942 ] } },
{ "type": "Feature", "properties": { "parcel_id": "P256", "land_price": 44.72, "dist_cbd": 11.387, "road_access": 0.037, "flood_risk": 0.159, "true_b_dist": -0.117, "gwr_b_intercept": -0.41645324115568605, "gwr_b_dist_cbd": 0.5832397829466287, "gwr_b_road_access": 0.45870010768978442, "gwr_b_flood_risk": -0.34293842308474054 }, "geometry": { "type": "Point", "coordinates": [ 18.723095483215619, 2.680304569012815 ] } },
{ "type": "Feature", "properties": { "parcel_id": "P257", "land_price": 47.29, "dist_cbd": 10.207, "road_access": 0.472, "flood_risk": 0.881, "true_b_dist": -0.222, "gwr_b_intercept": -0.35591026114202895, "gwr_b_dist_cbd": 0.56831067031876048, "gwr_b_road_access": 0.38850119907269032, "gwr_b_flood_risk": -0.48205302349825618 }, "geometry": { "type": "Point", "coordinates": [ 13.92059593349946, 0.575653526266779 ] } },
{ "type": "Feature", "properties": { "parcel_id": "P258", "land_price": 41.94, "dist_cbd": 5.292, "road_access": 0.565, "flood_risk": 0.872, "true_b_dist": -1.49, "gwr_b_intercept": -0.030676874629544111, "gwr_b_dist_cbd": 0.24005318148742183, "gwr_b_road_access": 0.51035548587398316, "gwr_b_flood_risk": 0.036869960721018391 }, "geometry": { "type": "Point", "coordinates": [ 11.401223401787298, 15.10274511347238 ] } },
{ "type": "Feature", "properties": { "parcel_id": "P259", "land_price": 45.49, "dist_cbd": 8.408, "road_access": 0.066, "flood_risk": 0.029, "true_b_dist": -0.512, "gwr_b_intercept": 0.13683099404562715, "gwr_b_dist_cbd": 0.87002862585780083, "gwr_b_road_access": 0.57754189675655498, "gwr_b_flood_risk": -0.18849016715941322 }, "geometry": { "type": "Point", "coordinates": [ 1.943529875415371, 12.406191027069294 ] } },
{ "type": "Feature", "properties": { "parcel_id": "P260", "land_price": 48.08, "dist_cbd": 4.685, "road_access": 0.776, "flood_risk": 0.826, "true_b_dist": -1.733, "gwr_b_intercept": -0.10948188417091906, "gwr_b_dist_cbd": 0.056107741544858758, "gwr_b_road_access": 0.49394502992675904, "gwr_b_flood_risk": 0.026898486709617017 }, "geometry": { "type": "Point", "coordinates": [ 12.300144533983396, 14.081595361984471 ] } },
{ "type": "Feature", "properties": { "parcel_id": "P261", "land_price": 48.34, "dist_cbd": 11.359, "road_access": 0.453, "flood_risk": 0.129, "true_b_dist": -0.119, "gwr_b_intercept": -0.45456610471740905, "gwr_b_dist_cbd": 0.59807679321456386, "gwr_b_road_access": 0.46968555540952905, "gwr_b_flood_risk": -0.3897119855817085 }, "geometry": { "type": "Point", "coordinates": [ 19.801077002085265, 4.259283230178214 ] } },
{ "type": "Feature", "properties": { "parcel_id": "P262", "land_price": 49.59, "dist_cbd": 10.233, "road_access": 0.524, "flood_risk": 0.335, "true_b_dist": -0.219, "gwr_b_intercept": -0.34461968602387305, "gwr_b_dist_cbd": 0.60919761059669042, "gwr_b_road_access": 0.37608710905999509, "gwr_b_flood_risk": -0.37796040005446724 }, "geometry": { "type": "Point", "coordinates": [ 2.801680304730481, 2.727429511735395 ] } },
{ "type": "Feature", "properties": { "parcel_id": "P263", "land_price": 40.82, "dist_cbd": 9.716, "road_access": 0.441, "flood_risk": 0.744, "true_b_dist": -0.283, "gwr_b_intercept": -0.46736084910601733, "gwr_b_dist_cbd": 0.72601843797897536, "gwr_b_road_access": 0.28387635985502108, "gwr_b_flood_risk": -0.59756034404778635 }, "geometry": { "type": "Point", "coordinates": [ 10.366593047274735, 0.290893313357639 ] } },
{ "type": "Feature", "properties": { "parcel_id": "P264", "land_price": 45.43, "dist_cbd": 8.117, "road_access": 0.401, "flood_risk": 0.161, "true_b_dist": -0.578, "gwr_b_intercept": -0.42635470692681998, "gwr_b_dist_cbd": 0.58763159519126607, "gwr_b_road_access": 0.49264290908302721, "gwr_b_flood_risk": -0.46975278153705291 }, "geometry": { "type": "Point", "coordinates": [ 17.547461438559107, 7.01175117613194 ] } },
{ "type": "Feature", "properties": { "parcel_id": "P265", "land_price": 45.83, "dist_cbd": 5.14, "road_access": 0.56, "flood_risk": 0.818, "true_b_dist": -1.55, "gwr_b_intercept": 0.10124613594582089, "gwr_b_dist_cbd": 0.33127899109058057, "gwr_b_road_access": 0.7674758236240411, "gwr_b_flood_risk": 0.019059707211464078 }, "geometry": { "type": "Point", "coordinates": [ 14.815372355084088, 11.798353737092661 ] } },
{ "type": "Feature", "properties": { "parcel_id": "P266", "land_price": 31.67, "dist_cbd": 4.491, "road_access": 0.155, "flood_risk": 0.832, "true_b_dist": -1.812, "gwr_b_intercept": -0.7145520451409576, "gwr_b_dist_cbd": -0.028030064927736215, "gwr_b_road_access": 0.73211695479568262, "gwr_b_flood_risk": -0.25750860618237098 }, "geometry": { "type": "Point", "coordinates": [ 13.94031481990536, 7.844880901994646 ] } },
{ "type": "Feature", "properties": { "parcel_id": "P267", "land_price": 40.6, "dist_cbd": 4.238, "road_access": 0.182, "flood_risk": 0.507, "true_b_dist": -1.915, "gwr_b_intercept": -0.79405458622390013, "gwr_b_dist_cbd": -0.15179534882556267, "gwr_b_road_access": 0.78773031319297182, "gwr_b_flood_risk": -0.19161696941055698 }, "geometry": { "type": "Point", "coordinates": [ 14.049681679742186, 8.749498440474582 ] } },
{ "type": "Feature", "properties": { "parcel_id": "P268", "land_price": 52.71, "dist_cbd": 8.558, "road_access": 0.862, "flood_risk": 0.006, "true_b_dist": -0.481, "gwr_b_intercept": 0.0040931710793565834, "gwr_b_dist_cbd": 0.91289830476728073, "gwr_b_road_access": 0.65098539539313238, "gwr_b_flood_risk": -0.012956234937915409 }, "geometry": { "type": "Point", "coordinates": [ 7.189823024395103, 18.083173889874967 ] } },
{ "type": "Feature", "properties": { "parcel_id": "P269", "land_price": 48.96, "dist_cbd": 5.124, "road_access": 0.946, "flood_risk": 0.287, "true_b_dist": -1.556, "gwr_b_intercept": -0.47379718577911467, "gwr_b_dist_cbd": 0.20763583619515141, "gwr_b_road_access": 0.36458746023723071, "gwr_b_flood_risk": -0.37647581400724256 }, "geometry": { "type": "Point", "coordinates": [ 5.871836885289867, 6.965109340466007 ] } },
{ "type": "Feature", "properties": { "parcel_id": "P270", "land_price": 45.3, "dist_cbd": 6.194, "road_access": 0.373, "flood_risk": 0.617, "true_b_dist": -1.15, "gwr_b_intercept": -0.18462784418690989, "gwr_b_dist_cbd": 0.33261014599465288, "gwr_b_road_access": 0.71054066163343488, "gwr_b_flood_risk": -0.28920221071143171 }, "geometry": { "type": "Point", "coordinates": [ 16.187223109570272, 10.279789783196216 ] } },
{ "type": "Feature", "properties": { "parcel_id": "P271", "land_price": 49.98, "dist_cbd": 8.405, "road_access": 0.271, "flood_risk": 0.981, "true_b_dist": -0.513, "gwr_b_intercept": 0.39578913803011601, "gwr_b_dist_cbd": 0.57740290033208264, "gwr_b_road_access": 0.3658211196219277, "gwr_b_flood_risk": -0.066383555312369752 }, "geometry": { "type": "Point", "coordinates": [ 16.202267893583617, 15.673060254822861 ] } },
{ "type": "Feature", "properties": { "parcel_id": "P272", "land_price": 45.13, "dist_cbd": 7.627, "road_access": 0.644, "flood_risk": 0.632, "true_b_dist": -0.701, "gwr_b_intercept": -0.3574283195443369, "gwr_b_dist_cbd": 0.51121485347835161, "gwr_b_road_access": 0.54318334079518316, "gwr_b_flood_risk": -0.46563619947839091 }, "geometry": { "type": "Point", "coordinates": [ 17.341446371602075, 7.930855646425403 ] } },
{ "type": "Feature", "properties": { "parcel_id": "P273", "land_price": 47.42, "dist_cbd": 8.618, "road_access": 0.409, "flood_risk": 0.26, "true_b_dist": -0.469, "gwr_b_intercept": 0.1659491836065014, "gwr_b_dist_cbd": 0.71762201391385638, "gwr_b_road_access": 0.51179257093160646, "gwr_b_flood_risk": -0.25297981829050553 }, "geometry": { "type": "Point", "coordinates": [ 18.264811051129428, 12.441734004557469 ] } },
{ "type": "Feature", "properties": { "parcel_id": "P274", "land_price": 43.46, "dist_cbd": 7.251, "road_access": 0.025, "flood_risk": 0.634, "true_b_dist": -0.806, "gwr_b_intercept": 0.12946818464519338, "gwr_b_dist_cbd": 0.77315053368270348, "gwr_b_road_access": 0.58053050107374715, "gwr_b_flood_risk": 0.028785663149043544 }, "geometry": { "type": "Point", "coordinates": [ 10.226847977218757, 17.247274174934905 ] } },
{ "type": "Feature", "properties": { "parcel_id": "P275", "land_price": 48.22, "dist_cbd": 8.99, "road_access": 0.156, "flood_risk": 0.54, "true_b_dist": -0.398, "gwr_b_intercept": 0.10783503775050611, "gwr_b_dist_cbd": 0.85711669890235787, "gwr_b_road_access": 0.59760278844041126, "gwr_b_flood_risk": 0.065105904368287823 }, "geometry": { "type": "Point", "coordinates": [ 10.030325893743992, 18.990412473152844 ] } },
{ "type": "Feature", "properties": { "parcel_id": "P276", "land_price": 46.36, "dist_cbd": 9.242, "road_access": 0.716, "flood_risk": 0.78, "true_b_dist": -0.355, "gwr_b_intercept": -0.36049193022654247, "gwr_b_dist_cbd": 0.55330691590961134, "gwr_b_road_access": 0.45701851909907432, "gwr_b_flood_risk": -0.30228856575150287 }, "geometry": { "type": "Point", "coordinates": [ 15.965903579335503, 2.941469618580759 ] } },
{ "type": "Feature", "properties": { "parcel_id": "P277", "land_price": 51.67, "dist_cbd": 9.044, "road_access": 0.659, "flood_risk": 0.107, "true_b_dist": -0.388, "gwr_b_intercept": 0.16867517815569244, "gwr_b_dist_cbd": 0.6167621128242613, "gwr_b_road_access": 0.49710003547862192, "gwr_b_flood_risk": 0.083492833055069549 }, "geometry": { "type": "Point", "coordinates": [ 12.999278615555303, 18.531752503229889 ] } },
{ "type": "Feature", "properties": { "parcel_id": "P278", "land_price": 33.96, "dist_cbd": 4.042, "road_access": 0.027, "flood_risk": 0.761, "true_b_dist": -1.994, "gwr_b_intercept": -0.76815733220463389, "gwr_b_dist_cbd": -0.22275591195721564, "gwr_b_road_access": 0.82055861110253936, "gwr_b_flood_risk": -0.083400588235872097 }, "geometry": { "type": "Point", "coordinates": [ 14.039337545154067, 9.842325861590764 ] } },
{ "type": "Feature", "properties": { "parcel_id": "P279", "land_price": 40.13, "dist_cbd": 7.64, "road_access": 0.222, "flood_risk": 0.541, "true_b_dist": -0.697, "gwr_b_intercept": -0.42471994547626768, "gwr_b_dist_cbd": 0.5231686131449097, "gwr_b_road_access": 0.5255421705462745, "gwr_b_flood_risk": -0.30541579819855447 }, "geometry": { "type": "Point", "coordinates": [ 15.91585338872202, 5.164887765979167 ] } },
{ "type": "Feature", "properties": { "parcel_id": "P280", "land_price": 34.88, "dist_cbd": 7.843, "road_access": 0.231, "flood_risk": 0.963, "true_b_dist": -0.645, "gwr_b_intercept": -0.22117133114947785, "gwr_b_dist_cbd": 0.54170315376242373, "gwr_b_road_access": 0.60015675240389899, "gwr_b_flood_risk": -0.44069250895410944 }, "geometry": { "type": "Point", "coordinates": [ 17.800106836351326, 9.182715124765226 ] } },
{ "type": "Feature", "properties": { "parcel_id": "P281", "land_price": 57.61, "dist_cbd": 10.133, "road_access": 0.672, "flood_risk": 0.342, "true_b_dist": -0.23, "gwr_b_intercept": 0.036826853079020699, "gwr_b_dist_cbd": 0.76675699139546227, "gwr_b_road_access": 0.63097355976237224, "gwr_b_flood_risk": -0.047449336961103532 }, "geometry": { "type": "Point", "coordinates": [ 6.759903137030716, 19.600651505709543 ] } },
{ "type": "Feature", "properties": { "parcel_id": "P282", "land_price": 34.96, "dist_cbd": 2.493, "road_access": 0.02, "flood_risk": 0.633, "true_b_dist": -2.568, "gwr_b_intercept": -0.95476654108510306, "gwr_b_dist_cbd": -0.30492465615386793, "gwr_b_road_access": 0.54563394510796714, "gwr_b_flood_risk": -0.306484599528415 }, "geometry": { "type": "Point", "coordinates": [ 7.51165905279888, 9.852361879857392 ] } },
{ "type": "Feature", "properties": { "parcel_id": "P283", "land_price": 37.51, "dist_cbd": 8.813, "road_access": 0.104, "flood_risk": 0.932, "true_b_dist": -0.43, "gwr_b_intercept": -0.2100282190188083, "gwr_b_dist_cbd": 0.5435507436623509, "gwr_b_road_access": 0.29236892163629707, "gwr_b_flood_risk": -0.47364934902629696 }, "geometry": { "type": "Point", "coordinates": [ 1.87963879681738, 6.575032205750164 ] } },
{ "type": "Feature", "properties": { "parcel_id": "P284", "land_price": 46.73, "dist_cbd": 3.093, "road_access": 0.8, "flood_risk": 0.103, "true_b_dist": -2.362, "gwr_b_intercept": -0.95740248501576963, "gwr_b_dist_cbd": -0.54324752945515464, "gwr_b_road_access": 0.50338192929384773, "gwr_b_flood_risk": 0.032225297348352971 }, "geometry": { "type": "Point", "coordinates": [ 11.56560281992348, 12.668017086334515 ] } },
{ "type": "Feature", "properties": { "parcel_id": "P285", "land_price": 44.73, "dist_cbd": 10.637, "road_access": 0.179, "flood_risk": 0.937, "true_b_dist": -0.177, "gwr_b_intercept": -0.25392883870201383, "gwr_b_dist_cbd": 0.55736306555520354, "gwr_b_road_access": 0.29939795529172308, "gwr_b_flood_risk": -0.41894332345212126 }, "geometry": { "type": "Point", "coordinates": [ 0.718845475934842, 4.802912375563862 ] } },
{ "type": "Feature", "properties": { "parcel_id": "P286", "land_price": 44.66, "dist_cbd": 8.511, "road_access": 0.653, "flood_risk": 0.688, "true_b_dist": -0.491, "gwr_b_intercept": -0.467275653288245, "gwr_b_dist_cbd": 0.57749904565094368, "gwr_b_road_access": 0.28790180970676987, "gwr_b_flood_risk": -0.59356476572806749 }, "geometry": { "type": "Point", "coordinates": [ 9.311960362649202, 1.517266562173278 ] } },
{ "type": "Feature", "properties": { "parcel_id": "P287", "land_price": 49.55, "dist_cbd": 7.471, "road_access": 0.238, "flood_risk": 0.068, "true_b_dist": -0.743, "gwr_b_intercept": -0.41411271550022266, "gwr_b_dist_cbd": 0.50287804894897226, "gwr_b_road_access": 0.30184402967539314, "gwr_b_flood_risk": -0.64999458050661496 }, "geometry": { "type": "Point", "coordinates": [ 10.852892694151532, 2.577594438212985 ] } },
{ "type": "Feature", "properties": { "parcel_id": "P288", "land_price": 42.28, "dist_cbd": 8.577, "road_access": 0.099, "flood_risk": 0.301, "true_b_dist": -0.477, "gwr_b_intercept": -0.41736353034332729, "gwr_b_dist_cbd": 0.59649230832262756, "gwr_b_road_access": 0.40070144997063806, "gwr_b_flood_risk": -0.43792214497458065 }, "geometry": { "type": "Point", "coordinates": [ 5.730825042565688, 2.560916779155449 ] } },
{ "type": "Feature", "properties": { "parcel_id": "P289", "land_price": 41.2, "dist_cbd": 7.195, "road_access": 0.243, "flood_risk": 0.708, "true_b_dist": -0.822, "gwr_b_intercept": -0.35353640097778061, "gwr_b_dist_cbd": 0.52047561070231907, "gwr_b_road_access": 0.36466060743590301, "gwr_b_flood_risk": -0.64004851115317796 }, "geometry": { "type": "Point", "coordinates": [ 11.816665211380215, 3.038053870245887 ] } },
{ "type": "Feature", "properties": { "parcel_id": "P290", "land_price": 51.67, "dist_cbd": 11.847, "road_access": 0.722, "flood_risk": 0.067, "true_b_dist": -0.09, "gwr_b_intercept": -0.3084555303085626, "gwr_b_dist_cbd": 0.58880235633343636, "gwr_b_road_access": 0.3379030865538355, "gwr_b_flood_risk": -0.3825927409363587 }, "geometry": { "type": "Point", "coordinates": [ 0.610004998780989, 2.776543452988203 ] } },
{ "type": "Feature", "properties": { "parcel_id": "P291", "land_price": 59.32, "dist_cbd": 9.672, "road_access": 0.856, "flood_risk": 0.582, "true_b_dist": -0.289, "gwr_b_intercept": 0.10961030167148125, "gwr_b_dist_cbd": 1.01862090734147, "gwr_b_road_access": 0.59418997934052609, "gwr_b_flood_risk": -0.18309750578876649 }, "geometry": { "type": "Point", "coordinates": [ 0.746963774984288, 12.817494896064293 ] } },
{ "type": "Feature", "properties": { "parcel_id": "P292", "land_price": 46.82, "dist_cbd": 9.061, "road_access": 0.83, "flood_risk": 0.346, "true_b_dist": -0.385, "gwr_b_intercept": -0.39140678958262404, "gwr_b_dist_cbd": 0.56608400805687553, "gwr_b_road_access": 0.47604592828557069, "gwr_b_flood_risk": -0.30892573276542312 }, "geometry": { "type": "Point", "coordinates": [ 16.452011213193167, 3.637601687982897 ] } },
{ "type": "Feature", "properties": { "parcel_id": "P293", "land_price": 41.04, "dist_cbd": 4.165, "road_access": 0.397, "flood_risk": 0.621, "true_b_dist": -1.944, "gwr_b_intercept": -0.7040198895271319, "gwr_b_dist_cbd": 0.047165925893096698, "gwr_b_road_access": 0.38259267917889445, "gwr_b_flood_risk": -0.42496867159856183 }, "geometry": { "type": "Point", "coordinates": [ 7.203812828225258, 6.913345666477264 ] } },
{ "type": "Feature", "properties": { "parcel_id": "P294", "land_price": 55.47, "dist_cbd": 10.891, "road_access": 0.668, "flood_risk": 0.046, "true_b_dist": -0.155, "gwr_b_intercept": 0.069698817982648015, "gwr_b_dist_cbd": 0.63249567093729853, "gwr_b_road_access": 0.56604568100454833, "gwr_b_flood_risk": -0.10530958683595162 }, "geometry": { "type": "Point", "coordinates": [ 2.541210253037696, 17.935768198120236 ] } },
{ "type": "Feature", "properties": { "parcel_id": "P295", "land_price": 43.88, "dist_cbd": 0.685, "road_access": 0.205, "flood_risk": 0.872, "true_b_dist": -2.965, "gwr_b_intercept": -1.7013286575307776, "gwr_b_dist_cbd": -0.72698664489068665, "gwr_b_road_access": 0.69877432691119612, "gwr_b_flood_risk": -0.28845515715489217 }, "geometry": { "type": "Point", "coordinates": [ 10.444865201096087, 9.479232805257446 ] } },
{ "type": "Feature", "properties": { "parcel_id": "P296", "land_price": 42.9, "dist_cbd": 6.355, "road_access": 0.293, "flood_risk": 0.973, "true_b_dist": -1.093, "gwr_b_intercept": 0.40567385562058728, "gwr_b_dist_cbd": 0.55750105626648283, "gwr_b_road_access": 0.5392947884729421, "gwr_b_flood_risk": -0.036182611588669977 }, "geometry": { "type": "Point", "coordinates": [ 15.399871061972217, 13.351154770420543 ] } },
{ "type": "Feature", "properties": { "parcel_id": "P297", "land_price": 45.06, "dist_cbd": 8.675, "road_access": 0.896, "flood_risk": 0.969, "true_b_dist": -0.457, "gwr_b_intercept": -0.35232346529761754, "gwr_b_dist_cbd": 0.5909072526645458, "gwr_b_road_access": 0.39746862702569219, "gwr_b_flood_risk": -0.38871367830571879 }, "geometry": { "type": "Point", "coordinates": [ 4.316420549936863, 3.446397424032597 ] } },
{ "type": "Feature", "properties": { "parcel_id": "P298", "land_price": 37.61, "dist_cbd": 6.627, "road_access": 0.013, "flood_risk": 0.75, "true_b_dist": -1.001, "gwr_b_intercept": -0.34167083099036188, "gwr_b_dist_cbd": 0.4830381092129834, "gwr_b_road_access": 0.40769822696839675, "gwr_b_flood_risk": -0.60667793716116136 }, "geometry": { "type": "Point", "coordinates": [ 12.457809516380005, 3.845780376173416 ] } },
{ "type": "Feature", "properties": { "parcel_id": "P299", "land_price": 48.39, "dist_cbd": 12.373, "road_access": 0.086, "flood_risk": 0.13, "true_b_dist": -0.065, "gwr_b_intercept": -0.37005806062633118, "gwr_b_dist_cbd": 0.63000843763131442, "gwr_b_road_access": 0.37281964881001667, "gwr_b_flood_risk": -0.36935587437377071 }, "geometry": { "type": "Point", "coordinates": [ 1.70694929987536, 0.817372325329577 ] } }
]
}
